source_id,predicate,target_id,provenance
dataset-actrectut,studies_population,dataset-participants,derived_from_record_metadata
dataset-actrectut,targets_domain,human-activity,derived_from_record_metadata
dataset-actrectut,uses_body_location,waist,derived_from_record_metadata
dataset-actrectut,uses_modality,accelerometer,derived_from_record_metadata
dataset-all-of-us-fitbit,studies_population,dataset-participants,derived_from_record_metadata
dataset-all-of-us-fitbit,targets_domain,personal-health,derived_from_record_metadata
dataset-all-of-us-fitbit,targets_domain,population-health,derived_from_record_metadata
dataset-all-of-us-fitbit,uses_body_location,wrist,derived_from_record_metadata
dataset-all-of-us-fitbit,uses_modality,activity-summary,derived_from_record_metadata
dataset-all-of-us-fitbit,uses_modality,device-metadata,derived_from_record_metadata
dataset-all-of-us-fitbit,uses_modality,heart-rate,derived_from_record_metadata
dataset-all-of-us-fitbit,uses_modality,sleep,derived_from_record_metadata
dataset-all-of-us-fitbit,uses_modality,steps,derived_from_record_metadata
dataset-alspac-accelerometry,studies_population,dataset-participants,derived_from_record_metadata
dataset-alspac-accelerometry,targets_domain,child-health,derived_from_record_metadata
dataset-alspac-accelerometry,targets_domain,lifecourse,derived_from_record_metadata
dataset-alspac-accelerometry,uses_body_location,waist,derived_from_record_metadata
dataset-alspac-accelerometry,uses_body_location,wrist,derived_from_record_metadata
dataset-alspac-accelerometry,uses_modality,accelerometer,derived_from_record_metadata
dataset-amigos,studies_population,dataset-participants,derived_from_record_metadata
dataset-amigos,targets_domain,emotion,derived_from_record_metadata
dataset-amigos,targets_domain,social-context,derived_from_record_metadata
dataset-amigos,uses_body_location,scalp-and-peripheral,derived_from_record_metadata
dataset-amigos,uses_modality,ecg,derived_from_record_metadata
dataset-amigos,uses_modality,eda,derived_from_record_metadata
dataset-amigos,uses_modality,eeg,derived_from_record_metadata
dataset-amigos,uses_modality,video,derived_from_record_metadata
dataset-ascertain,studies_population,dataset-participants,derived_from_record_metadata
dataset-ascertain,targets_domain,emotion,derived_from_record_metadata
dataset-ascertain,targets_domain,personality,derived_from_record_metadata
dataset-ascertain,uses_body_location,scalp-and-peripheral,derived_from_record_metadata
dataset-ascertain,uses_modality,ecg,derived_from_record_metadata
dataset-ascertain,uses_modality,eda,derived_from_record_metadata
dataset-ascertain,uses_modality,eeg,derived_from_record_metadata
dataset-ascertain,uses_modality,facial-video,derived_from_record_metadata
dataset-bci-competition-iv-2a,studies_population,dataset-participants,derived_from_record_metadata
dataset-bci-competition-iv-2a,targets_domain,brain-computer-interface,derived_from_record_metadata
dataset-bci-competition-iv-2a,uses_body_location,scalp,derived_from_record_metadata
dataset-bci-competition-iv-2a,uses_modality,eeg,derived_from_record_metadata
dataset-bci-competition-iv-2a,uses_modality,eog,derived_from_record_metadata
dataset-bern-barcelona-eeg,studies_population,dataset-participants,derived_from_record_metadata
dataset-bern-barcelona-eeg,targets_domain,epilepsy,derived_from_record_metadata
dataset-bern-barcelona-eeg,uses_body_location,intracranial,derived_from_record_metadata
dataset-bern-barcelona-eeg,uses_modality,ieeg,derived_from_record_metadata
dataset-bidmc-ppg-resp,studies_population,dataset-participants,derived_from_record_metadata
dataset-bidmc-ppg-resp,targets_domain,cardiovascular,derived_from_record_metadata
dataset-bidmc-ppg-resp,targets_domain,respiratory,derived_from_record_metadata
dataset-bidmc-ppg-resp,uses_body_location,clinical-bedside,derived_from_record_metadata
dataset-bidmc-ppg-resp,uses_modality,ecg,derived_from_record_metadata
dataset-bidmc-ppg-resp,uses_modality,ppg,derived_from_record_metadata
dataset-bidmc-ppg-resp,uses_modality,respiration,derived_from_record_metadata
dataset-bidmc-ppg-resp,uses_modality,spo2,derived_from_record_metadata
dataset-biovid,studies_population,dataset-participants,derived_from_record_metadata
dataset-biovid,targets_domain,affect,derived_from_record_metadata
dataset-biovid,targets_domain,pain,derived_from_record_metadata
dataset-biovid,uses_body_location,peripheral-and-face,derived_from_record_metadata
dataset-biovid,uses_modality,ecg,derived_from_record_metadata
dataset-biovid,uses_modality,eda,derived_from_record_metadata
dataset-biovid,uses_modality,emg,derived_from_record_metadata
dataset-biovid,uses_modality,video,derived_from_record_metadata
dataset-but-ppg,studies_population,dataset-participants,derived_from_record_metadata
dataset-but-ppg,targets_domain,heart-rate,derived_from_record_metadata
dataset-but-ppg,targets_domain,signal-quality,derived_from_record_metadata
dataset-but-ppg,uses_body_location,finger-and-reference,derived_from_record_metadata
dataset-but-ppg,uses_modality,ecg,derived_from_record_metadata
dataset-but-ppg,uses_modality,ppg,derived_from_record_metadata
dataset-cap-sleep,studies_population,dataset-participants,derived_from_record_metadata
dataset-cap-sleep,targets_domain,sleep,derived_from_record_metadata
dataset-cap-sleep,uses_body_location,polysomnography,derived_from_record_metadata
dataset-cap-sleep,uses_modality,ecg,derived_from_record_metadata
dataset-cap-sleep,uses_modality,eeg,derived_from_record_metadata
dataset-cap-sleep,uses_modality,emg,derived_from_record_metadata
dataset-cap-sleep,uses_modality,eog,derived_from_record_metadata
dataset-cap-sleep,uses_modality,respiration,derived_from_record_metadata
dataset-capgmyo,studies_population,dataset-participants,derived_from_record_metadata
dataset-capgmyo,targets_domain,gesture-recognition,derived_from_record_metadata
dataset-capgmyo,targets_domain,neuromuscular,derived_from_record_metadata
dataset-capgmyo,uses_body_location,forearm,derived_from_record_metadata
dataset-capgmyo,uses_modality,high-density-emg,derived_from_record_metadata
dataset-capnobase,studies_population,dataset-participants,derived_from_record_metadata
dataset-capnobase,targets_domain,cardiovascular,derived_from_record_metadata
dataset-capnobase,targets_domain,respiratory,derived_from_record_metadata
dataset-capnobase,uses_body_location,clinical-bedside,derived_from_record_metadata
dataset-capnobase,uses_modality,capnography,derived_from_record_metadata
dataset-capnobase,uses_modality,ecg,derived_from_record_metadata
dataset-capnobase,uses_modality,ppg,derived_from_record_metadata
dataset-capture24,studies_population,dataset-participants,derived_from_record_metadata
dataset-capture24,targets_domain,free-living,derived_from_record_metadata
dataset-capture24,targets_domain,human-activity,derived_from_record_metadata
dataset-capture24,uses_body_location,wrist,derived_from_record_metadata
dataset-capture24,uses_modality,accelerometer,derived_from_record_metadata
dataset-case,studies_population,dataset-participants,derived_from_record_metadata
dataset-case,targets_domain,emotion,derived_from_record_metadata
dataset-case,uses_body_location,peripheral,derived_from_record_metadata
dataset-case,uses_modality,ecg,derived_from_record_metadata
dataset-case,uses_modality,eda,derived_from_record_metadata
dataset-case,uses_modality,respiration,derived_from_record_metadata
dataset-case,uses_modality,skin-temperature,derived_from_record_metadata
dataset-chapman-shaoxing,studies_population,dataset-participants,derived_from_record_metadata
dataset-chapman-shaoxing,targets_domain,cardiovascular,derived_from_record_metadata
dataset-chapman-shaoxing,uses_body_location,clinical-12-lead,derived_from_record_metadata
dataset-chapman-shaoxing,uses_modality,ecg,derived_from_record_metadata
dataset-chbmit,studies_population,dataset-participants,derived_from_record_metadata
dataset-chbmit,targets_domain,child-health,derived_from_record_metadata
dataset-chbmit,targets_domain,epilepsy,derived_from_record_metadata
dataset-chbmit,uses_body_location,scalp,derived_from_record_metadata
dataset-chbmit,uses_modality,eeg,derived_from_record_metadata
dataset-cinc2017-af,studies_population,dataset-participants,derived_from_record_metadata
dataset-cinc2017-af,targets_domain,atrial-fibrillation,derived_from_record_metadata
dataset-cinc2017-af,uses_body_location,handheld,derived_from_record_metadata
dataset-cinc2017-af,uses_modality,single-lead-ecg,derived_from_record_metadata
dataset-cinc2020-ecg,studies_population,dataset-participants,derived_from_record_metadata
dataset-cinc2020-ecg,targets_domain,cardiovascular,derived_from_record_metadata
dataset-cinc2020-ecg,uses_body_location,clinical-12-lead,derived_from_record_metadata
dataset-cinc2020-ecg,uses_modality,ecg,derived_from_record_metadata
dataset-cinc2021-ecg,studies_population,dataset-participants,derived_from_record_metadata
dataset-cinc2021-ecg,targets_domain,cardiovascular,derived_from_record_metadata
dataset-cinc2021-ecg,uses_body_location,variable-lead-ecg,derived_from_record_metadata
dataset-cinc2021-ecg,uses_modality,ecg,derived_from_record_metadata
dataset-cleveland-family-sleep-study,studies_population,dataset-participants,derived_from_record_metadata
dataset-cleveland-family-sleep-study,targets_domain,genetics,derived_from_record_metadata
dataset-cleveland-family-sleep-study,targets_domain,sleep,derived_from_record_metadata
dataset-cleveland-family-sleep-study,uses_body_location,polysomnography,derived_from_record_metadata
dataset-cleveland-family-sleep-study,uses_body_location,wrist,derived_from_record_metadata
dataset-cleveland-family-sleep-study,uses_modality,actigraphy,derived_from_record_metadata
dataset-cleveland-family-sleep-study,uses_modality,genomics,derived_from_record_metadata
dataset-cleveland-family-sleep-study,uses_modality,polysomnography,derived_from_record_metadata
dataset-cmu-mmac,studies_population,dataset-participants,derived_from_record_metadata
dataset-cmu-mmac,targets_domain,human-activity,derived_from_record_metadata
dataset-cmu-mmac,targets_domain,multimodal-sensing,derived_from_record_metadata
dataset-cmu-mmac,uses_body_location,wearable-and-environmental,derived_from_record_metadata
dataset-cmu-mmac,uses_modality,audio,derived_from_record_metadata
dataset-cmu-mmac,uses_modality,imu,derived_from_record_metadata
dataset-cmu-mmac,uses_modality,motion-capture,derived_from_record_metadata
dataset-cmu-mmac,uses_modality,rfid,derived_from_record_metadata
dataset-cmu-mmac,uses_modality,video,derived_from_record_metadata
dataset-code15,studies_population,dataset-participants,derived_from_record_metadata
dataset-code15,targets_domain,cardiovascular,derived_from_record_metadata
dataset-code15,uses_body_location,clinical-12-lead,derived_from_record_metadata
dataset-code15,uses_modality,ecg,derived_from_record_metadata
dataset-csl-hdemg,studies_population,dataset-participants,derived_from_record_metadata
dataset-csl-hdemg,targets_domain,gesture-recognition,derived_from_record_metadata
dataset-csl-hdemg,targets_domain,neuromuscular,derived_from_record_metadata
dataset-csl-hdemg,uses_body_location,forearm,derived_from_record_metadata
dataset-csl-hdemg,uses_modality,high-density-emg,derived_from_record_metadata
dataset-d1namo,studies_population,dataset-participants,derived_from_record_metadata
dataset-d1namo,targets_domain,diabetes,derived_from_record_metadata
dataset-d1namo,targets_domain,multimodal-sensing,derived_from_record_metadata
dataset-d1namo,uses_body_location,wearable-and-mobile,derived_from_record_metadata
dataset-d1namo,uses_modality,accelerometer,derived_from_record_metadata
dataset-d1namo,uses_modality,cgm,derived_from_record_metadata
dataset-d1namo,uses_modality,ecg,derived_from_record_metadata
dataset-d1namo,uses_modality,eda,derived_from_record_metadata
dataset-d1namo,uses_modality,food-images,derived_from_record_metadata
dataset-d1namo,uses_modality,skin-temperature,derived_from_record_metadata
dataset-daliac,studies_population,dataset-participants,derived_from_record_metadata
dataset-daliac,targets_domain,human-activity,derived_from_record_metadata
dataset-daliac,uses_body_location,ankle,derived_from_record_metadata
dataset-daliac,uses_body_location,chest,derived_from_record_metadata
dataset-daliac,uses_body_location,hip,derived_from_record_metadata
dataset-daliac,uses_body_location,wrist,derived_from_record_metadata
dataset-daliac,uses_modality,accelerometer,derived_from_record_metadata
dataset-daphnet,studies_population,dataset-participants,derived_from_record_metadata
dataset-daphnet,targets_domain,gait,derived_from_record_metadata
dataset-daphnet,targets_domain,parkinson,derived_from_record_metadata
dataset-daphnet,uses_body_location,ankle,derived_from_record_metadata
dataset-daphnet,uses_body_location,lower-back,derived_from_record_metadata
dataset-daphnet,uses_body_location,thigh,derived_from_record_metadata
dataset-daphnet,uses_modality,accelerometer,derived_from_record_metadata
dataset-deap,studies_population,dataset-participants,derived_from_record_metadata
dataset-deap,targets_domain,emotion,derived_from_record_metadata
dataset-deap,uses_body_location,scalp-and-peripheral,derived_from_record_metadata
dataset-deap,uses_modality,eda,derived_from_record_metadata
dataset-deap,uses_modality,eeg,derived_from_record_metadata
dataset-deap,uses_modality,emg,derived_from_record_metadata
dataset-deap,uses_modality,ppg,derived_from_record_metadata
dataset-deap,uses_modality,respiration,derived_from_record_metadata
dataset-deap,uses_modality,skin-temperature,derived_from_record_metadata
dataset-diatrend,studies_population,dataset-participants,derived_from_record_metadata
dataset-diatrend,targets_domain,diabetes,derived_from_record_metadata
dataset-diatrend,targets_domain,glucose-forecasting,derived_from_record_metadata
dataset-diatrend,uses_body_location,wearable-and-pump,derived_from_record_metadata
dataset-diatrend,uses_modality,carbohydrate,derived_from_record_metadata
dataset-diatrend,uses_modality,cgm,derived_from_record_metadata
dataset-diatrend,uses_modality,insulin,derived_from_record_metadata
dataset-dreamer,studies_population,dataset-participants,derived_from_record_metadata
dataset-dreamer,targets_domain,emotion,derived_from_record_metadata
dataset-dreamer,uses_body_location,scalp-and-chest,derived_from_record_metadata
dataset-dreamer,uses_modality,ecg,derived_from_record_metadata
dataset-dreamer,uses_modality,eeg,derived_from_record_metadata
dataset-dreams,studies_population,dataset-participants,derived_from_record_metadata
dataset-dreams,targets_domain,sleep,derived_from_record_metadata
dataset-dreams,uses_body_location,polysomnography,derived_from_record_metadata
dataset-dreams,uses_modality,eeg,derived_from_record_metadata
dataset-dreams,uses_modality,emg,derived_from_record_metadata
dataset-dreams,uses_modality,eog,derived_from_record_metadata
dataset-dreem-open,studies_population,dataset-participants,derived_from_record_metadata
dataset-dreem-open,targets_domain,sleep,derived_from_record_metadata
dataset-dreem-open,targets_domain,wearable-eeg,derived_from_record_metadata
dataset-dreem-open,uses_body_location,headband-and-psg,derived_from_record_metadata
dataset-dreem-open,uses_modality,eeg,derived_from_record_metadata
dataset-dreem-open,uses_modality,emg,derived_from_record_metadata
dataset-dreem-open,uses_modality,eog,derived_from_record_metadata
dataset-dreem-open,uses_modality,pulse-oximetry,derived_from_record_metadata
dataset-dsads,studies_population,dataset-participants,derived_from_record_metadata
dataset-dsads,targets_domain,human-activity,derived_from_record_metadata
dataset-dsads,targets_domain,sports,derived_from_record_metadata
dataset-dsads,uses_body_location,arms,derived_from_record_metadata
dataset-dsads,uses_body_location,legs,derived_from_record_metadata
dataset-dsads,uses_body_location,torso,derived_from_record_metadata
dataset-dsads,uses_modality,accelerometer,derived_from_record_metadata
dataset-dsads,uses_modality,gyroscope,derived_from_record_metadata
dataset-dsads,uses_modality,magnetometer,derived_from_record_metadata
dataset-eeg-motor-imagery,studies_population,dataset-participants,derived_from_record_metadata
dataset-eeg-motor-imagery,targets_domain,brain-computer-interface,derived_from_record_metadata
dataset-eeg-motor-imagery,uses_body_location,scalp,derived_from_record_metadata
dataset-eeg-motor-imagery,uses_modality,eeg,derived_from_record_metadata
dataset-ego-exo4d,studies_population,dataset-participants,derived_from_record_metadata
dataset-ego-exo4d,targets_domain,egocentric-ai,derived_from_record_metadata
dataset-ego-exo4d,targets_domain,human-activity,derived_from_record_metadata
dataset-ego-exo4d,uses_body_location,head-worn-and-external-cameras,derived_from_record_metadata
dataset-ego-exo4d,uses_modality,audio,derived_from_record_metadata
dataset-ego-exo4d,uses_modality,egocentric-video,derived_from_record_metadata
dataset-ego-exo4d,uses_modality,exocentric-video,derived_from_record_metadata
dataset-ego-exo4d,uses_modality,pose,derived_from_record_metadata
dataset-ego4d,studies_population,dataset-participants,derived_from_record_metadata
dataset-ego4d,targets_domain,egocentric-ai,derived_from_record_metadata
dataset-ego4d,targets_domain,human-activity,derived_from_record_metadata
dataset-ego4d,uses_body_location,head-worn-camera,derived_from_record_metadata
dataset-ego4d,uses_modality,audio,derived_from_record_metadata
dataset-ego4d,uses_modality,gaze,derived_from_record_metadata
dataset-ego4d,uses_modality,imu,derived_from_record_metadata
dataset-ego4d,uses_modality,video,derived_from_record_metadata
dataset-emg2pose,studies_population,dataset-participants,derived_from_record_metadata
dataset-emg2pose,targets_domain,human-computer-interaction,derived_from_record_metadata
dataset-emg2pose,targets_domain,neuromuscular,derived_from_record_metadata
dataset-emg2pose,uses_body_location,wrist-forearm,derived_from_record_metadata
dataset-emg2pose,uses_modality,emg,derived_from_record_metadata
dataset-emg2pose,uses_modality,hand-pose,derived_from_record_metadata
dataset-emg2qwerty,studies_population,dataset-participants,derived_from_record_metadata
dataset-emg2qwerty,targets_domain,human-computer-interaction,derived_from_record_metadata
dataset-emg2qwerty,targets_domain,neuromuscular,derived_from_record_metadata
dataset-emg2qwerty,uses_body_location,wrist-forearm,derived_from_record_metadata
dataset-emg2qwerty,uses_modality,emg,derived_from_record_metadata
dataset-emg2qwerty,uses_modality,keystrokes,derived_from_record_metadata
dataset-extrasensory,studies_population,dataset-participants,derived_from_record_metadata
dataset-extrasensory,targets_domain,context-recognition,derived_from_record_metadata
dataset-extrasensory,targets_domain,human-activity,derived_from_record_metadata
dataset-extrasensory,uses_body_location,smartphone,derived_from_record_metadata
dataset-extrasensory,uses_body_location,wrist,derived_from_record_metadata
dataset-extrasensory,uses_modality,accelerometer,derived_from_record_metadata
dataset-extrasensory,uses_modality,audio-features,derived_from_record_metadata
dataset-extrasensory,uses_modality,gyroscope,derived_from_record_metadata
dataset-extrasensory,uses_modality,location,derived_from_record_metadata
dataset-extrasensory,uses_modality,phone-state,derived_from_record_metadata
dataset-fenland-study,studies_population,dataset-participants,derived_from_record_metadata
dataset-fenland-study,targets_domain,metabolic,derived_from_record_metadata
dataset-fenland-study,targets_domain,physical-activity,derived_from_record_metadata
dataset-fenland-study,uses_body_location,chest,derived_from_record_metadata
dataset-fenland-study,uses_body_location,wrist,derived_from_record_metadata
dataset-fenland-study,uses_modality,accelerometer,derived_from_record_metadata
dataset-fenland-study,uses_modality,heart-rate,derived_from_record_metadata
dataset-georgia-ecg,studies_population,dataset-participants,derived_from_record_metadata
dataset-georgia-ecg,targets_domain,cardiovascular,derived_from_record_metadata
dataset-georgia-ecg,uses_body_location,clinical-12-lead,derived_from_record_metadata
dataset-georgia-ecg,uses_modality,ecg,derived_from_record_metadata
dataset-hapt,studies_population,dataset-participants,derived_from_record_metadata
dataset-hapt,targets_domain,human-activity,derived_from_record_metadata
dataset-hapt,targets_domain,transitions,derived_from_record_metadata
dataset-hapt,uses_body_location,waist,derived_from_record_metadata
dataset-hapt,uses_modality,accelerometer,derived_from_record_metadata
dataset-hapt,uses_modality,gyroscope,derived_from_record_metadata
dataset-harth,studies_population,dataset-participants,derived_from_record_metadata
dataset-harth,targets_domain,human-activity,derived_from_record_metadata
dataset-harth,targets_domain,posture,derived_from_record_metadata
dataset-harth,uses_body_location,lower-back,derived_from_record_metadata
dataset-harth,uses_body_location,thigh,derived_from_record_metadata
dataset-harth,uses_modality,accelerometer,derived_from_record_metadata
dataset-hchs-sol-sleep,studies_population,dataset-participants,derived_from_record_metadata
dataset-hchs-sol-sleep,targets_domain,health-equity,derived_from_record_metadata
dataset-hchs-sol-sleep,targets_domain,sleep,derived_from_record_metadata
dataset-hchs-sol-sleep,uses_body_location,polysomnography,derived_from_record_metadata
dataset-hchs-sol-sleep,uses_body_location,wrist,derived_from_record_metadata
dataset-hchs-sol-sleep,uses_modality,actigraphy,derived_from_record_metadata
dataset-hchs-sol-sleep,uses_modality,ecg,derived_from_record_metadata
dataset-hchs-sol-sleep,uses_modality,respiration,derived_from_record_metadata
dataset-hchs-sol-sleep,uses_modality,sleep,derived_from_record_metadata
dataset-hhar,studies_population,dataset-participants,derived_from_record_metadata
dataset-hhar,targets_domain,cross-device,derived_from_record_metadata
dataset-hhar,targets_domain,human-activity,derived_from_record_metadata
dataset-hhar,uses_body_location,smartphone,derived_from_record_metadata
dataset-hhar,uses_body_location,wrist,derived_from_record_metadata
dataset-hhar,uses_modality,accelerometer,derived_from_record_metadata
dataset-hhar,uses_modality,gyroscope,derived_from_record_metadata
dataset-hunt4-accelerometry,studies_population,dataset-participants,derived_from_record_metadata
dataset-hunt4-accelerometry,targets_domain,physical-activity,derived_from_record_metadata
dataset-hunt4-accelerometry,targets_domain,population-health,derived_from_record_metadata
dataset-hunt4-accelerometry,uses_body_location,lower-back,derived_from_record_metadata
dataset-hunt4-accelerometry,uses_body_location,thigh,derived_from_record_metadata
dataset-hunt4-accelerometry,uses_modality,accelerometer,derived_from_record_metadata
dataset-ieee-spcup2015-ppg,studies_population,dataset-participants,derived_from_record_metadata
dataset-ieee-spcup2015-ppg,targets_domain,heart-rate,derived_from_record_metadata
dataset-ieee-spcup2015-ppg,targets_domain,motion-artifact,derived_from_record_metadata
dataset-ieee-spcup2015-ppg,uses_body_location,wrist,derived_from_record_metadata
dataset-ieee-spcup2015-ppg,uses_modality,accelerometer,derived_from_record_metadata
dataset-ieee-spcup2015-ppg,uses_modality,ppg,derived_from_record_metadata
dataset-isruc-sleep,studies_population,dataset-participants,derived_from_record_metadata
dataset-isruc-sleep,targets_domain,sleep,derived_from_record_metadata
dataset-isruc-sleep,uses_body_location,polysomnography,derived_from_record_metadata
dataset-isruc-sleep,uses_modality,ecg,derived_from_record_metadata
dataset-isruc-sleep,uses_modality,eeg,derived_from_record_metadata
dataset-isruc-sleep,uses_modality,emg,derived_from_record_metadata
dataset-isruc-sleep,uses_modality,eog,derived_from_record_metadata
dataset-isruc-sleep,uses_modality,respiration,derived_from_record_metadata
dataset-isruc-sleep,uses_modality,spo2,derived_from_record_metadata
dataset-jackson-heart-actical,studies_population,dataset-participants,derived_from_record_metadata
dataset-jackson-heart-actical,targets_domain,cardiovascular,derived_from_record_metadata
dataset-jackson-heart-actical,targets_domain,health-equity,derived_from_record_metadata
dataset-jackson-heart-actical,uses_body_location,hip,derived_from_record_metadata
dataset-jackson-heart-actical,uses_modality,accelerometer,derived_from_record_metadata
dataset-k-emocon,studies_population,dataset-participants,derived_from_record_metadata
dataset-k-emocon,targets_domain,emotion,derived_from_record_metadata
dataset-k-emocon,targets_domain,social-context,derived_from_record_metadata
dataset-k-emocon,uses_body_location,wrist-head-and-room,derived_from_record_metadata
dataset-k-emocon,uses_modality,accelerometer,derived_from_record_metadata
dataset-k-emocon,uses_modality,audio,derived_from_record_metadata
dataset-k-emocon,uses_modality,ecg,derived_from_record_metadata
dataset-k-emocon,uses_modality,eda,derived_from_record_metadata
dataset-k-emocon,uses_modality,eeg,derived_from_record_metadata
dataset-k-emocon,uses_modality,skin-temperature,derived_from_record_metadata
dataset-k-emocon,uses_modality,video,derived_from_record_metadata
dataset-ku-har,studies_population,dataset-participants,derived_from_record_metadata
dataset-ku-har,targets_domain,human-activity,derived_from_record_metadata
dataset-ku-har,uses_body_location,smartphone,derived_from_record_metadata
dataset-ku-har,uses_modality,accelerometer,derived_from_record_metadata
dataset-lara,studies_population,dataset-participants,derived_from_record_metadata
dataset-lara,targets_domain,human-activity,derived_from_record_metadata
dataset-lara,targets_domain,industrial,derived_from_record_metadata
dataset-lara,uses_body_location,arms,derived_from_record_metadata
dataset-lara,uses_body_location,legs,derived_from_record_metadata
dataset-lara,uses_body_location,torso,derived_from_record_metadata
dataset-lara,uses_modality,imu,derived_from_record_metadata
dataset-lara,uses_modality,optical-tracking,derived_from_record_metadata
dataset-long-term-af,studies_population,dataset-participants,derived_from_record_metadata
dataset-long-term-af,targets_domain,atrial-fibrillation,derived_from_record_metadata
dataset-long-term-af,uses_body_location,ambulatory-chest,derived_from_record_metadata
dataset-long-term-af,uses_modality,ecg,derived_from_record_metadata
dataset-maastricht-study-activity,studies_population,dataset-participants,derived_from_record_metadata
dataset-maastricht-study-activity,targets_domain,diabetes,derived_from_record_metadata
dataset-maastricht-study-activity,targets_domain,metabolic,derived_from_record_metadata
dataset-maastricht-study-activity,targets_domain,sedentary-behavior,derived_from_record_metadata
dataset-maastricht-study-activity,uses_body_location,thigh,derived_from_record_metadata
dataset-maastricht-study-activity,uses_modality,accelerometer,derived_from_record_metadata
dataset-mahnob-hci,studies_population,dataset-participants,derived_from_record_metadata
dataset-mahnob-hci,targets_domain,emotion,derived_from_record_metadata
dataset-mahnob-hci,targets_domain,multimodal-sensing,derived_from_record_metadata
dataset-mahnob-hci,uses_body_location,scalp-and-peripheral,derived_from_record_metadata
dataset-mahnob-hci,uses_modality,ecg,derived_from_record_metadata
dataset-mahnob-hci,uses_modality,eda,derived_from_record_metadata
dataset-mahnob-hci,uses_modality,eeg,derived_from_record_metadata
dataset-mahnob-hci,uses_modality,eye-gaze,derived_from_record_metadata
dataset-mahnob-hci,uses_modality,respiration,derived_from_record_metadata
dataset-mahnob-hci,uses_modality,skin-temperature,derived_from_record_metadata
dataset-mahnob-hci,uses_modality,video,derived_from_record_metadata
dataset-mass,studies_population,dataset-participants,derived_from_record_metadata
dataset-mass,targets_domain,sleep,derived_from_record_metadata
dataset-mass,uses_body_location,polysomnography,derived_from_record_metadata
dataset-mass,uses_modality,ecg,derived_from_record_metadata
dataset-mass,uses_modality,eeg,derived_from_record_metadata
dataset-mass,uses_modality,emg,derived_from_record_metadata
dataset-mass,uses_modality,eog,derived_from_record_metadata
dataset-mass,uses_modality,respiration,derived_from_record_metadata
dataset-mesa-sleep,studies_population,dataset-participants,derived_from_record_metadata
dataset-mesa-sleep,targets_domain,cardiovascular,derived_from_record_metadata
dataset-mesa-sleep,targets_domain,sleep,derived_from_record_metadata
dataset-mesa-sleep,uses_body_location,polysomnography,derived_from_record_metadata
dataset-mesa-sleep,uses_body_location,wrist,derived_from_record_metadata
dataset-mesa-sleep,uses_modality,actigraphy,derived_from_record_metadata
dataset-mesa-sleep,uses_modality,ecg,derived_from_record_metadata
dataset-mesa-sleep,uses_modality,eeg,derived_from_record_metadata
dataset-mesa-sleep,uses_modality,respiration,derived_from_record_metadata
dataset-mesa-sleep,uses_modality,spo2,derived_from_record_metadata
dataset-mhealth,studies_population,dataset-participants,derived_from_record_metadata
dataset-mhealth,targets_domain,cardiovascular,derived_from_record_metadata
dataset-mhealth,targets_domain,human-activity,derived_from_record_metadata
dataset-mhealth,uses_body_location,ankle,derived_from_record_metadata
dataset-mhealth,uses_body_location,chest,derived_from_record_metadata
dataset-mhealth,uses_body_location,wrist,derived_from_record_metadata
dataset-mhealth,uses_modality,accelerometer,derived_from_record_metadata
dataset-mhealth,uses_modality,ecg,derived_from_record_metadata
dataset-mhealth,uses_modality,gyroscope,derived_from_record_metadata
dataset-mhealth,uses_modality,magnetometer,derived_from_record_metadata
dataset-millennium-cohort-accelerometry,studies_population,dataset-participants,derived_from_record_metadata
dataset-millennium-cohort-accelerometry,targets_domain,child-health,derived_from_record_metadata
dataset-millennium-cohort-accelerometry,targets_domain,physical-activity,derived_from_record_metadata
dataset-millennium-cohort-accelerometry,uses_body_location,wrist,derived_from_record_metadata
dataset-millennium-cohort-accelerometry,uses_modality,accelerometer,derived_from_record_metadata
dataset-mimic-iii-waveform,studies_population,dataset-participants,derived_from_record_metadata
dataset-mimic-iii-waveform,targets_domain,critical-care,derived_from_record_metadata
dataset-mimic-iii-waveform,uses_body_location,icu,derived_from_record_metadata
dataset-mimic-iii-waveform,uses_modality,arterial-blood-pressure,derived_from_record_metadata
dataset-mimic-iii-waveform,uses_modality,ecg,derived_from_record_metadata
dataset-mimic-iii-waveform,uses_modality,ppg,derived_from_record_metadata
dataset-mimic-iii-waveform,uses_modality,respiration,derived_from_record_metadata
dataset-mimic-iii-waveform,uses_modality,spo2,derived_from_record_metadata
dataset-mimic-iv-ecg,studies_population,dataset-participants,derived_from_record_metadata
dataset-mimic-iv-ecg,targets_domain,cardiovascular,derived_from_record_metadata
dataset-mimic-iv-ecg,uses_body_location,clinical-12-lead,derived_from_record_metadata
dataset-mimic-iv-ecg,uses_modality,ecg,derived_from_record_metadata
dataset-mimic-iv-waveform,studies_population,dataset-participants,derived_from_record_metadata
dataset-mimic-iv-waveform,targets_domain,critical-care,derived_from_record_metadata
dataset-mimic-iv-waveform,uses_body_location,icu,derived_from_record_metadata
dataset-mimic-iv-waveform,uses_modality,arterial-blood-pressure,derived_from_record_metadata
dataset-mimic-iv-waveform,uses_modality,ecg,derived_from_record_metadata
dataset-mimic-iv-waveform,uses_modality,ppg,derived_from_record_metadata
dataset-mimic-iv-waveform,uses_modality,respiration,derived_from_record_metadata
dataset-mimic-iv-waveform,uses_modality,spo2,derived_from_record_metadata
dataset-mitbih-af,studies_population,dataset-participants,derived_from_record_metadata
dataset-mitbih-af,targets_domain,atrial-fibrillation,derived_from_record_metadata
dataset-mitbih-af,uses_body_location,ambulatory-chest,derived_from_record_metadata
dataset-mitbih-af,uses_modality,ecg,derived_from_record_metadata
dataset-mitbih-arrhythmia,studies_population,dataset-participants,derived_from_record_metadata
dataset-mitbih-arrhythmia,targets_domain,cardiovascular,derived_from_record_metadata
dataset-mitbih-arrhythmia,uses_body_location,ambulatory-chest,derived_from_record_metadata
dataset-mitbih-arrhythmia,uses_modality,ecg,derived_from_record_metadata
dataset-mitbih-polysomnographic,studies_population,dataset-participants,derived_from_record_metadata
dataset-mitbih-polysomnographic,targets_domain,sleep,derived_from_record_metadata
dataset-mitbih-polysomnographic,uses_body_location,polysomnography,derived_from_record_metadata
dataset-mitbih-polysomnographic,uses_modality,blood-pressure,derived_from_record_metadata
dataset-mitbih-polysomnographic,uses_modality,ecg,derived_from_record_metadata
dataset-mitbih-polysomnographic,uses_modality,eeg,derived_from_record_metadata
dataset-mitbih-polysomnographic,uses_modality,respiration,derived_from_record_metadata
dataset-moabb,studies_population,dataset-participants,derived_from_record_metadata
dataset-moabb,targets_domain,benchmarking,derived_from_record_metadata
dataset-moabb,targets_domain,brain-computer-interface,derived_from_record_metadata
dataset-moabb,uses_body_location,scalp,derived_from_record_metadata
dataset-moabb,uses_modality,eeg,derived_from_record_metadata
dataset-mobiact,studies_population,dataset-participants,derived_from_record_metadata
dataset-mobiact,targets_domain,falls,derived_from_record_metadata
dataset-mobiact,targets_domain,human-activity,derived_from_record_metadata
dataset-mobiact,uses_body_location,smartphone,derived_from_record_metadata
dataset-mobiact,uses_modality,accelerometer,derived_from_record_metadata
dataset-mobiact,uses_modality,gyroscope,derived_from_record_metadata
dataset-mobiact,uses_modality,orientation,derived_from_record_metadata
dataset-motionsense,studies_population,dataset-participants,derived_from_record_metadata
dataset-motionsense,targets_domain,human-activity,derived_from_record_metadata
dataset-motionsense,uses_body_location,smartphone,derived_from_record_metadata
dataset-motionsense,uses_modality,accelerometer,derived_from_record_metadata
dataset-motionsense,uses_modality,attitude,derived_from_record_metadata
dataset-motionsense,uses_modality,gravity,derived_from_record_metadata
dataset-motionsense,uses_modality,gyroscope,derived_from_record_metadata
dataset-mros-sleep,studies_population,dataset-participants,derived_from_record_metadata
dataset-mros-sleep,targets_domain,aging,derived_from_record_metadata
dataset-mros-sleep,targets_domain,sleep,derived_from_record_metadata
dataset-mros-sleep,uses_body_location,polysomnography,derived_from_record_metadata
dataset-mros-sleep,uses_body_location,wrist,derived_from_record_metadata
dataset-mros-sleep,uses_modality,actigraphy,derived_from_record_metadata
dataset-mros-sleep,uses_modality,ecg,derived_from_record_metadata
dataset-mros-sleep,uses_modality,eeg,derived_from_record_metadata
dataset-mros-sleep,uses_modality,respiration,derived_from_record_metadata
dataset-mros-sleep,uses_modality,spo2,derived_from_record_metadata
dataset-nhanes-2003-2006-actigraph,studies_population,dataset-participants,derived_from_record_metadata
dataset-nhanes-2003-2006-actigraph,targets_domain,physical-activity,derived_from_record_metadata
dataset-nhanes-2003-2006-actigraph,targets_domain,population-health,derived_from_record_metadata
dataset-nhanes-2003-2006-actigraph,uses_body_location,hip,derived_from_record_metadata
dataset-nhanes-2003-2006-actigraph,uses_modality,accelerometer,derived_from_record_metadata
dataset-nhanes-2011-2012-wrist,studies_population,dataset-participants,derived_from_record_metadata
dataset-nhanes-2011-2012-wrist,targets_domain,physical-activity,derived_from_record_metadata
dataset-nhanes-2011-2012-wrist,targets_domain,population-health,derived_from_record_metadata
dataset-nhanes-2011-2012-wrist,uses_body_location,wrist,derived_from_record_metadata
dataset-nhanes-2011-2012-wrist,uses_modality,accelerometer,derived_from_record_metadata
dataset-nhanes-2011-2012-wrist,uses_modality,ambient-light,derived_from_record_metadata
dataset-nhanes-2013-2014-wrist,studies_population,dataset-participants,derived_from_record_metadata
dataset-nhanes-2013-2014-wrist,targets_domain,physical-activity,derived_from_record_metadata
dataset-nhanes-2013-2014-wrist,targets_domain,population-health,derived_from_record_metadata
dataset-nhanes-2013-2014-wrist,uses_body_location,wrist,derived_from_record_metadata
dataset-nhanes-2013-2014-wrist,uses_modality,accelerometer,derived_from_record_metadata
dataset-nhanes-2013-2014-wrist,uses_modality,ambient-light,derived_from_record_metadata
dataset-ninapro,studies_population,dataset-participants,derived_from_record_metadata
dataset-ninapro,targets_domain,neuromuscular,derived_from_record_metadata
dataset-ninapro,targets_domain,prosthetics,derived_from_record_metadata
dataset-ninapro,uses_body_location,forearm-and-hand,derived_from_record_metadata
dataset-ninapro,uses_modality,emg,derived_from_record_metadata
dataset-ninapro,uses_modality,hand-kinematics,derived_from_record_metadata
dataset-ninapro,uses_modality,inertial,derived_from_record_metadata
dataset-ohio-t1dm,studies_population,dataset-participants,derived_from_record_metadata
dataset-ohio-t1dm,targets_domain,diabetes,derived_from_record_metadata
dataset-ohio-t1dm,targets_domain,glucose-forecasting,derived_from_record_metadata
dataset-ohio-t1dm,uses_body_location,wearable-and-pump,derived_from_record_metadata
dataset-ohio-t1dm,uses_modality,cgm,derived_from_record_metadata
dataset-ohio-t1dm,uses_modality,exercise,derived_from_record_metadata
dataset-ohio-t1dm,uses_modality,heart-rate,derived_from_record_metadata
dataset-ohio-t1dm,uses_modality,insulin,derived_from_record_metadata
dataset-ohio-t1dm,uses_modality,meal,derived_from_record_metadata
dataset-ohio-t1dm,uses_modality,steps,derived_from_record_metadata
dataset-opach-whi,studies_population,dataset-participants,derived_from_record_metadata
dataset-opach-whi,targets_domain,aging,derived_from_record_metadata
dataset-opach-whi,targets_domain,cardiovascular,derived_from_record_metadata
dataset-opach-whi,targets_domain,physical-activity,derived_from_record_metadata
dataset-opach-whi,uses_body_location,hip,derived_from_record_metadata
dataset-opach-whi,uses_modality,accelerometer,derived_from_record_metadata
dataset-openaps-data-commons,studies_population,dataset-participants,derived_from_record_metadata
dataset-openaps-data-commons,targets_domain,closed-loop-control,derived_from_record_metadata
dataset-openaps-data-commons,targets_domain,diabetes,derived_from_record_metadata
dataset-openaps-data-commons,uses_body_location,wearable-and-pump,derived_from_record_metadata
dataset-openaps-data-commons,uses_modality,cgm,derived_from_record_metadata
dataset-openaps-data-commons,uses_modality,closed-loop-events,derived_from_record_metadata
dataset-openaps-data-commons,uses_modality,insulin,derived_from_record_metadata
dataset-opportunity,studies_population,dataset-participants,derived_from_record_metadata
dataset-opportunity,targets_domain,context-recognition,derived_from_record_metadata
dataset-opportunity,targets_domain,human-activity,derived_from_record_metadata
dataset-opportunity,uses_body_location,multi-site,derived_from_record_metadata
dataset-opportunity,uses_modality,ambient-sensors,derived_from_record_metadata
dataset-opportunity,uses_modality,imu,derived_from_record_metadata
dataset-opportunity,uses_modality,object-sensors,derived_from_record_metadata
dataset-pamap2,studies_population,dataset-participants,derived_from_record_metadata
dataset-pamap2,targets_domain,human-activity,derived_from_record_metadata
dataset-pamap2,uses_body_location,ankle,derived_from_record_metadata
dataset-pamap2,uses_body_location,chest,derived_from_record_metadata
dataset-pamap2,uses_body_location,wrist,derived_from_record_metadata
dataset-pamap2,uses_modality,accelerometer,derived_from_record_metadata
dataset-pamap2,uses_modality,gyroscope,derived_from_record_metadata
dataset-pamap2,uses_modality,heart-rate,derived_from_record_metadata
dataset-pamap2,uses_modality,magnetometer,derived_from_record_metadata
dataset-physionet-sleep-2018,studies_population,dataset-participants,derived_from_record_metadata
dataset-physionet-sleep-2018,targets_domain,sleep,derived_from_record_metadata
dataset-physionet-sleep-2018,uses_body_location,polysomnography,derived_from_record_metadata
dataset-physionet-sleep-2018,uses_modality,eeg,derived_from_record_metadata
dataset-physionet-sleep-2018,uses_modality,emg,derived_from_record_metadata
dataset-physionet-sleep-2018,uses_modality,eog,derived_from_record_metadata
dataset-physionet-sleep-2018,uses_modality,respiration,derived_from_record_metadata
dataset-physionet-sleep-2018,uses_modality,spo2,derived_from_record_metadata
dataset-ppg-bp,studies_population,dataset-participants,derived_from_record_metadata
dataset-ppg-bp,targets_domain,blood-pressure,derived_from_record_metadata
dataset-ppg-bp,uses_body_location,finger,derived_from_record_metadata
dataset-ppg-bp,uses_modality,blood-pressure,derived_from_record_metadata
dataset-ppg-bp,uses_modality,ppg,derived_from_record_metadata
dataset-ppg-dalia,studies_population,dataset-participants,derived_from_record_metadata
dataset-ppg-dalia,targets_domain,free-living,derived_from_record_metadata
dataset-ppg-dalia,targets_domain,heart-rate,derived_from_record_metadata
dataset-ppg-dalia,uses_body_location,chest,derived_from_record_metadata
dataset-ppg-dalia,uses_body_location,wrist,derived_from_record_metadata
dataset-ppg-dalia,uses_modality,accelerometer,derived_from_record_metadata
dataset-ppg-dalia,uses_modality,ecg,derived_from_record_metadata
dataset-ppg-dalia,uses_modality,eda,derived_from_record_metadata
dataset-ppg-dalia,uses_modality,ppg,derived_from_record_metadata
dataset-ppg-dalia,uses_modality,respiration,derived_from_record_metadata
dataset-ppg-dalia,uses_modality,skin-temperature,derived_from_record_metadata
dataset-ptb-diagnostic-ecg,studies_population,dataset-participants,derived_from_record_metadata
dataset-ptb-diagnostic-ecg,targets_domain,cardiovascular,derived_from_record_metadata
dataset-ptb-diagnostic-ecg,uses_body_location,clinical-15-lead,derived_from_record_metadata
dataset-ptb-diagnostic-ecg,uses_modality,ecg,derived_from_record_metadata
dataset-ptb-xl,studies_population,dataset-participants,derived_from_record_metadata
dataset-ptb-xl,targets_domain,cardiovascular,derived_from_record_metadata
dataset-ptb-xl,uses_body_location,clinical-12-lead,derived_from_record_metadata
dataset-ptb-xl,uses_modality,ecg,derived_from_record_metadata
dataset-pulsedb,studies_population,dataset-participants,derived_from_record_metadata
dataset-pulsedb,targets_domain,blood-pressure,derived_from_record_metadata
dataset-pulsedb,targets_domain,cardiovascular,derived_from_record_metadata
dataset-pulsedb,uses_body_location,clinical-bedside,derived_from_record_metadata
dataset-pulsedb,uses_modality,arterial-blood-pressure,derived_from_record_metadata
dataset-pulsedb,uses_modality,ecg,derived_from_record_metadata
dataset-pulsedb,uses_modality,ppg,derived_from_record_metadata
dataset-raine-study-accelerometry,studies_population,dataset-participants,derived_from_record_metadata
dataset-raine-study-accelerometry,targets_domain,lifecourse,derived_from_record_metadata
dataset-raine-study-accelerometry,targets_domain,sleep,derived_from_record_metadata
dataset-raine-study-accelerometry,uses_body_location,waist,derived_from_record_metadata
dataset-raine-study-accelerometry,uses_body_location,wrist,derived_from_record_metadata
dataset-raine-study-accelerometry,uses_modality,accelerometer,derived_from_record_metadata
dataset-realdisp,studies_population,dataset-participants,derived_from_record_metadata
dataset-realdisp,targets_domain,human-activity,derived_from_record_metadata
dataset-realdisp,targets_domain,sensor-displacement,derived_from_record_metadata
dataset-realdisp,uses_body_location,multiple-body-sites,derived_from_record_metadata
dataset-realdisp,uses_modality,accelerometer,derived_from_record_metadata
dataset-realdisp,uses_modality,gyroscope,derived_from_record_metadata
dataset-realdisp,uses_modality,magnetometer,derived_from_record_metadata
dataset-realworld-har,studies_population,dataset-participants,derived_from_record_metadata
dataset-realworld-har,targets_domain,human-activity,derived_from_record_metadata
dataset-realworld-har,uses_body_location,chest,derived_from_record_metadata
dataset-realworld-har,uses_body_location,forearm,derived_from_record_metadata
dataset-realworld-har,uses_body_location,head,derived_from_record_metadata
dataset-realworld-har,uses_body_location,shin,derived_from_record_metadata
dataset-realworld-har,uses_body_location,thigh,derived_from_record_metadata
dataset-realworld-har,uses_body_location,upper-arm,derived_from_record_metadata
dataset-realworld-har,uses_body_location,waist,derived_from_record_metadata
dataset-realworld-har,uses_modality,accelerometer,derived_from_record_metadata
dataset-realworld-har,uses_modality,gps,derived_from_record_metadata
dataset-realworld-har,uses_modality,gyroscope,derived_from_record_metadata
dataset-realworld-har,uses_modality,magnetometer,derived_from_record_metadata
dataset-regards-accelerometry,studies_population,dataset-participants,derived_from_record_metadata
dataset-regards-accelerometry,targets_domain,aging,derived_from_record_metadata
dataset-regards-accelerometry,targets_domain,stroke,derived_from_record_metadata
dataset-regards-accelerometry,uses_body_location,hip,derived_from_record_metadata
dataset-regards-accelerometry,uses_modality,accelerometer,derived_from_record_metadata
dataset-seed,studies_population,dataset-participants,derived_from_record_metadata
dataset-seed,targets_domain,emotion,derived_from_record_metadata
dataset-seed,uses_body_location,scalp,derived_from_record_metadata
dataset-seed,uses_modality,eeg,derived_from_record_metadata
dataset-seed,uses_modality,eye-movement,derived_from_record_metadata
dataset-seed-iv,studies_population,dataset-participants,derived_from_record_metadata
dataset-seed-iv,targets_domain,emotion,derived_from_record_metadata
dataset-seed-iv,uses_body_location,scalp,derived_from_record_metadata
dataset-seed-iv,uses_modality,eeg,derived_from_record_metadata
dataset-seed-iv,uses_modality,eye-movement,derived_from_record_metadata
dataset-shl,studies_population,dataset-participants,derived_from_record_metadata
dataset-shl,targets_domain,context-recognition,derived_from_record_metadata
dataset-shl,targets_domain,transportation,derived_from_record_metadata
dataset-shl,uses_body_location,smartphone,derived_from_record_metadata
dataset-shl,uses_modality,accelerometer,derived_from_record_metadata
dataset-shl,uses_modality,barometer,derived_from_record_metadata
dataset-shl,uses_modality,gps,derived_from_record_metadata
dataset-shl,uses_modality,gyroscope,derived_from_record_metadata
dataset-shl,uses_modality,magnetometer,derived_from_record_metadata
dataset-siena-scalp-eeg,studies_population,dataset-participants,derived_from_record_metadata
dataset-siena-scalp-eeg,targets_domain,epilepsy,derived_from_record_metadata
dataset-siena-scalp-eeg,uses_body_location,scalp,derived_from_record_metadata
dataset-siena-scalp-eeg,uses_modality,eeg,derived_from_record_metadata
dataset-sisfall,studies_population,dataset-participants,derived_from_record_metadata
dataset-sisfall,targets_domain,aging,derived_from_record_metadata
dataset-sisfall,targets_domain,falls,derived_from_record_metadata
dataset-sisfall,uses_body_location,waist,derived_from_record_metadata
dataset-sisfall,uses_modality,accelerometer,derived_from_record_metadata
dataset-sisfall,uses_modality,gyroscope,derived_from_record_metadata
dataset-skoda,studies_population,dataset-participants,derived_from_record_metadata
dataset-skoda,targets_domain,human-activity,derived_from_record_metadata
dataset-skoda,targets_domain,industrial,derived_from_record_metadata
dataset-skoda,uses_body_location,arms,derived_from_record_metadata
dataset-skoda,uses_modality,accelerometer,derived_from_record_metadata
dataset-sleep-edf,studies_population,dataset-participants,derived_from_record_metadata
dataset-sleep-edf,targets_domain,sleep,derived_from_record_metadata
dataset-sleep-edf,uses_body_location,polysomnography,derived_from_record_metadata
dataset-sleep-edf,uses_modality,eeg,derived_from_record_metadata
dataset-sleep-edf,uses_modality,emg,derived_from_record_metadata
dataset-sleep-edf,uses_modality,eog,derived_from_record_metadata
dataset-sleep-heart-health-study,studies_population,dataset-participants,derived_from_record_metadata
dataset-sleep-heart-health-study,targets_domain,cardiovascular,derived_from_record_metadata
dataset-sleep-heart-health-study,targets_domain,sleep,derived_from_record_metadata
dataset-sleep-heart-health-study,uses_body_location,polysomnography,derived_from_record_metadata
dataset-sleep-heart-health-study,uses_modality,ecg,derived_from_record_metadata
dataset-sleep-heart-health-study,uses_modality,eeg,derived_from_record_metadata
dataset-sleep-heart-health-study,uses_modality,emg,derived_from_record_metadata
dataset-sleep-heart-health-study,uses_modality,eog,derived_from_record_metadata
dataset-sleep-heart-health-study,uses_modality,respiration,derived_from_record_metadata
dataset-sleep-heart-health-study,uses_modality,spo2,derived_from_record_metadata
dataset-sphere-challenge,studies_population,dataset-participants,derived_from_record_metadata
dataset-sphere-challenge,targets_domain,human-activity,derived_from_record_metadata
dataset-sphere-challenge,targets_domain,smart-home,derived_from_record_metadata
dataset-sphere-challenge,uses_body_location,home,derived_from_record_metadata
dataset-sphere-challenge,uses_body_location,wrist,derived_from_record_metadata
dataset-sphere-challenge,uses_modality,accelerometer,derived_from_record_metadata
dataset-sphere-challenge,uses_modality,environmental-sensors,derived_from_record_metadata
dataset-sphere-challenge,uses_modality,rgb-d,derived_from_record_metadata
dataset-swell-kw,studies_population,dataset-participants,derived_from_record_metadata
dataset-swell-kw,targets_domain,stress,derived_from_record_metadata
dataset-swell-kw,targets_domain,workplace,derived_from_record_metadata
dataset-swell-kw,uses_body_location,office-setting,derived_from_record_metadata
dataset-swell-kw,uses_modality,computer-interaction,derived_from_record_metadata
dataset-swell-kw,uses_modality,ecg,derived_from_record_metadata
dataset-swell-kw,uses_modality,eda,derived_from_record_metadata
dataset-swell-kw,uses_modality,facial-video,derived_from_record_metadata
dataset-t1dexi,studies_population,dataset-participants,derived_from_record_metadata
dataset-t1dexi,targets_domain,diabetes,derived_from_record_metadata
dataset-t1dexi,targets_domain,exercise,derived_from_record_metadata
dataset-t1dexi,uses_body_location,wearable-and-pump,derived_from_record_metadata
dataset-t1dexi,uses_modality,cgm,derived_from_record_metadata
dataset-t1dexi,uses_modality,exercise,derived_from_record_metadata
dataset-t1dexi,uses_modality,heart-rate,derived_from_record_metadata
dataset-t1dexi,uses_modality,insulin,derived_from_record_metadata
dataset-troika,studies_population,dataset-participants,derived_from_record_metadata
dataset-troika,targets_domain,heart-rate,derived_from_record_metadata
dataset-troika,targets_domain,motion-artifact,derived_from_record_metadata
dataset-troika,uses_body_location,wrist,derived_from_record_metadata
dataset-troika,uses_modality,accelerometer,derived_from_record_metadata
dataset-troika,uses_modality,ppg,derived_from_record_metadata
dataset-tuh-eeg,studies_population,dataset-participants,derived_from_record_metadata
dataset-tuh-eeg,targets_domain,neurology,derived_from_record_metadata
dataset-tuh-eeg,uses_body_location,scalp,derived_from_record_metadata
dataset-tuh-eeg,uses_modality,eeg,derived_from_record_metadata
dataset-tusz,studies_population,dataset-participants,derived_from_record_metadata
dataset-tusz,targets_domain,epilepsy,derived_from_record_metadata
dataset-tusz,uses_body_location,scalp,derived_from_record_metadata
dataset-tusz,uses_modality,eeg,derived_from_record_metadata
dataset-ucd-sleep,studies_population,dataset-participants,derived_from_record_metadata
dataset-ucd-sleep,targets_domain,sleep-apnea,derived_from_record_metadata
dataset-ucd-sleep,uses_body_location,polysomnography,derived_from_record_metadata
dataset-ucd-sleep,uses_modality,ecg,derived_from_record_metadata
dataset-ucd-sleep,uses_modality,eeg,derived_from_record_metadata
dataset-ucd-sleep,uses_modality,respiration,derived_from_record_metadata
dataset-ucd-sleep,uses_modality,spo2,derived_from_record_metadata
dataset-uci-har,studies_population,dataset-participants,derived_from_record_metadata
dataset-uci-har,targets_domain,human-activity,derived_from_record_metadata
dataset-uci-har,uses_body_location,waist,derived_from_record_metadata
dataset-uci-har,uses_modality,accelerometer,derived_from_record_metadata
dataset-uci-har,uses_modality,gyroscope,derived_from_record_metadata
dataset-uk-biobank-accelerometer,studies_population,dataset-participants,derived_from_record_metadata
dataset-uk-biobank-accelerometer,targets_domain,disease-risk,derived_from_record_metadata
dataset-uk-biobank-accelerometer,targets_domain,population-health,derived_from_record_metadata
dataset-uk-biobank-accelerometer,uses_body_location,dominant-wrist,derived_from_record_metadata
dataset-uk-biobank-accelerometer,uses_modality,accelerometer,derived_from_record_metadata
dataset-uk-biobank-ecg,studies_population,dataset-participants,derived_from_record_metadata
dataset-uk-biobank-ecg,targets_domain,cardiovascular,derived_from_record_metadata
dataset-uk-biobank-ecg,uses_body_location,chest-electrodes,derived_from_record_metadata
dataset-uk-biobank-ecg,uses_modality,ecg,derived_from_record_metadata
dataset-unimib-shar,studies_population,dataset-participants,derived_from_record_metadata
dataset-unimib-shar,targets_domain,falls,derived_from_record_metadata
dataset-unimib-shar,targets_domain,human-activity,derived_from_record_metadata
dataset-unimib-shar,uses_body_location,smartphone,derived_from_record_metadata
dataset-unimib-shar,uses_modality,accelerometer,derived_from_record_metadata
dataset-up-fall,studies_population,dataset-participants,derived_from_record_metadata
dataset-up-fall,targets_domain,falls,derived_from_record_metadata
dataset-up-fall,targets_domain,multimodal-sensing,derived_from_record_metadata
dataset-up-fall,uses_body_location,ankle,derived_from_record_metadata
dataset-up-fall,uses_body_location,neck,derived_from_record_metadata
dataset-up-fall,uses_body_location,pocket,derived_from_record_metadata
dataset-up-fall,uses_body_location,waist,derived_from_record_metadata
dataset-up-fall,uses_body_location,wrist,derived_from_record_metadata
dataset-up-fall,uses_modality,ambient-sensors,derived_from_record_metadata
dataset-up-fall,uses_modality,camera,derived_from_record_metadata
dataset-up-fall,uses_modality,imu,derived_from_record_metadata
dataset-usc-had,studies_population,dataset-participants,derived_from_record_metadata
dataset-usc-had,targets_domain,human-activity,derived_from_record_metadata
dataset-usc-had,uses_body_location,hip,derived_from_record_metadata
dataset-usc-had,uses_modality,accelerometer,derived_from_record_metadata
dataset-utd-mhad,studies_population,dataset-participants,derived_from_record_metadata
dataset-utd-mhad,targets_domain,human-activity,derived_from_record_metadata
dataset-utd-mhad,targets_domain,multimodal-sensing,derived_from_record_metadata
dataset-utd-mhad,uses_body_location,wrist,derived_from_record_metadata
dataset-utd-mhad,uses_modality,depth-video,derived_from_record_metadata
dataset-utd-mhad,uses_modality,imu,derived_from_record_metadata
dataset-vitaldb,studies_population,dataset-participants,derived_from_record_metadata
dataset-vitaldb,targets_domain,cardiovascular,derived_from_record_metadata
dataset-vitaldb,targets_domain,perioperative,derived_from_record_metadata
dataset-vitaldb,uses_body_location,operating-room,derived_from_record_metadata
dataset-vitaldb,uses_modality,anesthesia-signals,derived_from_record_metadata
dataset-vitaldb,uses_modality,arterial-blood-pressure,derived_from_record_metadata
dataset-vitaldb,uses_modality,ecg,derived_from_record_metadata
dataset-vitaldb,uses_modality,ppg,derived_from_record_metadata
dataset-vitaldb,uses_modality,respiration,derived_from_record_metadata
dataset-ward,studies_population,dataset-participants,derived_from_record_metadata
dataset-ward,targets_domain,human-activity,derived_from_record_metadata
dataset-ward,uses_body_location,ankles,derived_from_record_metadata
dataset-ward,uses_body_location,waist,derived_from_record_metadata
dataset-ward,uses_body_location,wrists,derived_from_record_metadata
dataset-ward,uses_modality,accelerometer,derived_from_record_metadata
dataset-wearable-free-living-annotated,studies_population,dataset-participants,derived_from_record_metadata
dataset-wearable-free-living-annotated,targets_domain,human-activity,derived_from_record_metadata
dataset-wearable-free-living-annotated,targets_domain,transfer-learning,derived_from_record_metadata
dataset-wearable-free-living-annotated,uses_body_location,wrist,derived_from_record_metadata
dataset-wearable-free-living-annotated,uses_modality,accelerometer,derived_from_record_metadata
dataset-wesad,studies_population,dataset-participants,derived_from_record_metadata
dataset-wesad,targets_domain,affect,derived_from_record_metadata
dataset-wesad,targets_domain,stress,derived_from_record_metadata
dataset-wesad,uses_body_location,chest,derived_from_record_metadata
dataset-wesad,uses_body_location,wrist,derived_from_record_metadata
dataset-wesad,uses_modality,accelerometer,derived_from_record_metadata
dataset-wesad,uses_modality,ecg,derived_from_record_metadata
dataset-wesad,uses_modality,eda,derived_from_record_metadata
dataset-wesad,uses_modality,emg,derived_from_record_metadata
dataset-wesad,uses_modality,ppg,derived_from_record_metadata
dataset-wesad,uses_modality,respiration,derived_from_record_metadata
dataset-wesad,uses_modality,skin-temperature,derived_from_record_metadata
dataset-wisconsin-sleep-cohort,studies_population,dataset-participants,derived_from_record_metadata
dataset-wisconsin-sleep-cohort,targets_domain,longitudinal-health,derived_from_record_metadata
dataset-wisconsin-sleep-cohort,targets_domain,sleep,derived_from_record_metadata
dataset-wisconsin-sleep-cohort,uses_body_location,polysomnography,derived_from_record_metadata
dataset-wisconsin-sleep-cohort,uses_modality,actigraphy,derived_from_record_metadata
dataset-wisconsin-sleep-cohort,uses_modality,polysomnography,derived_from_record_metadata
dataset-wisdm,studies_population,dataset-participants,derived_from_record_metadata
dataset-wisdm,targets_domain,biometrics,derived_from_record_metadata
dataset-wisdm,targets_domain,human-activity,derived_from_record_metadata
dataset-wisdm,uses_body_location,smartphone,derived_from_record_metadata
dataset-wisdm,uses_body_location,wrist,derived_from_record_metadata
dataset-wisdm,uses_modality,accelerometer,derived_from_record_metadata
dataset-wisdm,uses_modality,gyroscope,derived_from_record_metadata
infra-actipy,studies_population,researchers-and-developers,derived_from_record_metadata
infra-actipy,targets_domain,physical-activity,derived_from_record_metadata
infra-actipy,uses_modality,accelerometer,derived_from_record_metadata
infra-aeon,studies_population,researchers-and-developers,derived_from_record_metadata
infra-aeon,targets_domain,machine-learning,derived_from_record_metadata
infra-aeon,uses_modality,time-series,derived_from_record_metadata
infra-aware,studies_population,researchers-and-developers,derived_from_record_metadata
infra-aware,targets_domain,context-recognition,derived_from_record_metadata
infra-aware,uses_modality,smartphone-sensors,derived_from_record_metadata
infra-aware,uses_modality,wearable-sensors,derived_from_record_metadata
infra-beiwe,studies_population,researchers-and-developers,derived_from_record_metadata
infra-beiwe,targets_domain,digital-phenotyping,derived_from_record_metadata
infra-beiwe,targets_domain,mental-health,derived_from_record_metadata
infra-beiwe,uses_modality,smartphone-sensors,derived_from_record_metadata
infra-biobank-accelerometer-analysis,studies_population,researchers-and-developers,derived_from_record_metadata
infra-biobank-accelerometer-analysis,targets_domain,population-health,derived_from_record_metadata
infra-biobank-accelerometer-analysis,uses_modality,accelerometer,derived_from_record_metadata
infra-biosppy,studies_population,researchers-and-developers,derived_from_record_metadata
infra-biosppy,targets_domain,physiology,derived_from_record_metadata
infra-biosppy,uses_modality,ecg,derived_from_record_metadata
infra-biosppy,uses_modality,eda,derived_from_record_metadata
infra-biosppy,uses_modality,eeg,derived_from_record_metadata
infra-biosppy,uses_modality,emg,derived_from_record_metadata
infra-biosppy,uses_modality,ppg,derived_from_record_metadata
infra-biosppy,uses_modality,respiration,derived_from_record_metadata
infra-carekit,studies_population,researchers-and-developers,derived_from_record_metadata
infra-carekit,targets_domain,care-management,derived_from_record_metadata
infra-carekit,uses_modality,apple-health,derived_from_record_metadata
infra-carekit,uses_modality,smartphone,derived_from_record_metadata
infra-consort-ai-2020,studies_population,general-population,derived_from_record_metadata
infra-consort-ai-2020,targets_domain,ai-reporting,derived_from_record_metadata
infra-consort-ai-2020,targets_domain,clinical-trials,derived_from_record_metadata
infra-decide-ai-2022,studies_population,general-population,derived_from_record_metadata
infra-decide-ai-2022,targets_domain,ai-reporting,derived_from_record_metadata
infra-decide-ai-2022,targets_domain,clinical-deployment,derived_from_record_metadata
infra-fda-dht-remote-data,studies_population,researchers-and-developers,derived_from_record_metadata
infra-fda-dht-remote-data,targets_domain,governance,derived_from_record_metadata
infra-fda-dht-remote-data,targets_domain,interoperability,derived_from_record_metadata
infra-fda-gmlp,studies_population,researchers-and-developers,derived_from_record_metadata
infra-fda-gmlp,targets_domain,governance,derived_from_record_metadata
infra-fda-gmlp,targets_domain,interoperability,derived_from_record_metadata
infra-fitbit-web-api,studies_population,researchers-and-developers,derived_from_record_metadata
infra-fitbit-web-api,targets_domain,consumer-wearables,derived_from_record_metadata
infra-fitbit-web-api,uses_modality,activity,derived_from_record_metadata
infra-fitbit-web-api,uses_modality,heart-rate,derived_from_record_metadata
infra-fitbit-web-api,uses_modality,sleep,derived_from_record_metadata
infra-ggir,studies_population,researchers-and-developers,derived_from_record_metadata
infra-ggir,targets_domain,physical-activity,derived_from_record_metadata
infra-ggir,targets_domain,sleep,derived_from_record_metadata
infra-ggir,uses_modality,accelerometer,derived_from_record_metadata
infra-health-connect,studies_population,researchers-and-developers,derived_from_record_metadata
infra-health-connect,targets_domain,digital-health,derived_from_record_metadata
infra-health-connect,uses_modality,consumer-health-data,derived_from_record_metadata
infra-healthkit,studies_population,researchers-and-developers,derived_from_record_metadata
infra-healthkit,targets_domain,digital-health,derived_from_record_metadata
infra-healthkit,uses_modality,consumer-health-data,derived_from_record_metadata
infra-heartpy,studies_population,researchers-and-developers,derived_from_record_metadata
infra-heartpy,targets_domain,cardiology,derived_from_record_metadata
infra-heartpy,uses_modality,ecg,derived_from_record_metadata
infra-heartpy,uses_modality,ppg,derived_from_record_metadata
infra-hl7-fhir,studies_population,researchers-and-developers,derived_from_record_metadata
infra-hl7-fhir,targets_domain,governance,derived_from_record_metadata
infra-hl7-fhir,targets_domain,interoperability,derived_from_record_metadata
infra-imdrf-samd-clinical-evaluation,studies_population,researchers-and-developers,derived_from_record_metadata
infra-imdrf-samd-clinical-evaluation,targets_domain,governance,derived_from_record_metadata
infra-imdrf-samd-clinical-evaluation,targets_domain,interoperability,derived_from_record_metadata
infra-mindlamp,studies_population,researchers-and-developers,derived_from_record_metadata
infra-mindlamp,targets_domain,mental-health,derived_from_record_metadata
infra-mindlamp,uses_modality,smartphone-sensors,derived_from_record_metadata
infra-mindlamp,uses_modality,wearable-integrations,derived_from_record_metadata
infra-mne-python,studies_population,researchers-and-developers,derived_from_record_metadata
infra-mne-python,targets_domain,neuroscience,derived_from_record_metadata
infra-mne-python,uses_modality,ecog,derived_from_record_metadata
infra-mne-python,uses_modality,eeg,derived_from_record_metadata
infra-mne-python,uses_modality,meg,derived_from_record_metadata
infra-moabb,studies_population,researchers-and-developers,derived_from_record_metadata
infra-moabb,targets_domain,brain-computer-interface,derived_from_record_metadata
infra-moabb,uses_modality,eeg,derived_from_record_metadata
infra-neurokit2,studies_population,researchers-and-developers,derived_from_record_metadata
infra-neurokit2,targets_domain,psychophysiology,derived_from_record_metadata
infra-neurokit2,uses_modality,ecg,derived_from_record_metadata
infra-neurokit2,uses_modality,eda,derived_from_record_metadata
infra-neurokit2,uses_modality,emg,derived_from_record_metadata
infra-neurokit2,uses_modality,ppg,derived_from_record_metadata
infra-neurokit2,uses_modality,respiration,derived_from_record_metadata
infra-nice-esf,studies_population,researchers-and-developers,derived_from_record_metadata
infra-nice-esf,targets_domain,governance,derived_from_record_metadata
infra-nice-esf,targets_domain,interoperability,derived_from_record_metadata
infra-nsrr,studies_population,researchers-and-developers,derived_from_record_metadata
infra-nsrr,targets_domain,cardiometabolic,derived_from_record_metadata
infra-nsrr,targets_domain,sleep,derived_from_record_metadata
infra-nsrr,uses_modality,actigraphy,derived_from_record_metadata
infra-nsrr,uses_modality,psg,derived_from_record_metadata
infra-nsrr,uses_modality,sleep,derived_from_record_metadata
infra-omop-cdm,studies_population,researchers-and-developers,derived_from_record_metadata
infra-omop-cdm,targets_domain,governance,derived_from_record_metadata
infra-omop-cdm,targets_domain,interoperability,derived_from_record_metadata
infra-open-mhealth,studies_population,researchers-and-developers,derived_from_record_metadata
infra-open-mhealth,targets_domain,interoperability,derived_from_record_metadata
infra-open-mhealth,uses_modality,mobile-health-data,derived_from_record_metadata
infra-open-mhealth,uses_modality,wearable-data,derived_from_record_metadata
infra-physionet,studies_population,researchers-and-developers,derived_from_record_metadata
infra-physionet,targets_domain,digital-health,derived_from_record_metadata
infra-physionet,uses_modality,physiological-signals,derived_from_record_metadata
infra-pyactigraphy,studies_population,researchers-and-developers,derived_from_record_metadata
infra-pyactigraphy,targets_domain,circadian-health,derived_from_record_metadata
infra-pyactigraphy,targets_domain,sleep,derived_from_record_metadata
infra-pyactigraphy,uses_modality,accelerometer,derived_from_record_metadata
infra-pyactigraphy,uses_modality,actigraphy,derived_from_record_metadata
infra-pyedflib,studies_population,researchers-and-developers,derived_from_record_metadata
infra-pyedflib,targets_domain,neuroscience,derived_from_record_metadata
infra-pyedflib,targets_domain,sleep,derived_from_record_metadata
infra-pyedflib,uses_modality,biosignals,derived_from_record_metadata
infra-pyedflib,uses_modality,eeg,derived_from_record_metadata
infra-pyedflib,uses_modality,psg,derived_from_record_metadata
infra-pyppg,studies_population,researchers-and-developers,derived_from_record_metadata
infra-pyppg,targets_domain,cardiovascular,derived_from_record_metadata
infra-pyppg,uses_modality,ppg,derived_from_record_metadata
infra-radar-base,studies_population,researchers-and-developers,derived_from_record_metadata
infra-radar-base,targets_domain,remote-monitoring,derived_from_record_metadata
infra-radar-base,uses_modality,smartphone,derived_from_record_metadata
infra-radar-base,uses_modality,wearable-sensors,derived_from_record_metadata
infra-researchkit,studies_population,researchers-and-developers,derived_from_record_metadata
infra-researchkit,targets_domain,digital-health,derived_from_record_metadata
infra-researchkit,uses_modality,apple-health,derived_from_record_metadata
infra-researchkit,uses_modality,smartphone,derived_from_record_metadata
infra-samsung-health-data-sdk,studies_population,researchers-and-developers,derived_from_record_metadata
infra-samsung-health-data-sdk,targets_domain,consumer-wearables,derived_from_record_metadata
infra-samsung-health-data-sdk,uses_modality,consumer-health-data,derived_from_record_metadata
infra-sktime,studies_population,researchers-and-developers,derived_from_record_metadata
infra-sktime,targets_domain,machine-learning,derived_from_record_metadata
infra-sktime,uses_modality,time-series,derived_from_record_metadata
infra-spirit-ai-2020,studies_population,general-population,derived_from_record_metadata
infra-spirit-ai-2020,targets_domain,ai-reporting,derived_from_record_metadata
infra-spirit-ai-2020,targets_domain,clinical-trials,derived_from_record_metadata
infra-stard-ai-2025,studies_population,general-population,derived_from_record_metadata
infra-stard-ai-2025,targets_domain,ai-reporting,derived_from_record_metadata
infra-stard-ai-2025,targets_domain,diagnostic-accuracy,derived_from_record_metadata
infra-torchecg,studies_population,researchers-and-developers,derived_from_record_metadata
infra-torchecg,targets_domain,cardiology,derived_from_record_metadata
infra-torchecg,uses_modality,ecg,derived_from_record_metadata
infra-tsfresh,studies_population,researchers-and-developers,derived_from_record_metadata
infra-tsfresh,targets_domain,machine-learning,derived_from_record_metadata
infra-tsfresh,uses_modality,time-series,derived_from_record_metadata
infra-v3-digital-biomarkers-2020,studies_population,general-population,derived_from_record_metadata
infra-v3-digital-biomarkers-2020,targets_domain,digital-biomarkers,derived_from_record_metadata
infra-v3-digital-biomarkers-2020,targets_domain,validation,derived_from_record_metadata
infra-wfdb-python,studies_population,researchers-and-developers,derived_from_record_metadata
infra-wfdb-python,targets_domain,cardiology,derived_from_record_metadata
infra-wfdb-python,targets_domain,critical-care,derived_from_record_metadata
infra-wfdb-python,uses_modality,ecg,derived_from_record_metadata
infra-wfdb-python,uses_modality,ppg,derived_from_record_metadata
infra-wfdb-python,uses_modality,respiration,derived_from_record_metadata
infra-wfdb-python,uses_modality,waveforms,derived_from_record_metadata
infra-who-ai-health-ethics,studies_population,researchers-and-developers,derived_from_record_metadata
infra-who-ai-health-ethics,targets_domain,governance,derived_from_record_metadata
infra-who-ai-health-ethics,targets_domain,interoperability,derived_from_record_metadata
infra-yasa,studies_population,researchers-and-developers,derived_from_record_metadata
infra-yasa,targets_domain,sleep,derived_from_record_metadata
infra-yasa,uses_modality,eeg,derived_from_record_metadata
infra-yasa,uses_modality,emg,derived_from_record_metadata
infra-yasa,uses_modality,eog,derived_from_record_metadata
infra-yasa,uses_modality,sleep,derived_from_record_metadata
intervention-achess-2014,studies_population,trial-participants,derived_from_record_metadata
intervention-achess-2014,targets_domain,alcohol-use-disorder,derived_from_record_metadata
intervention-achess-2014,targets_domain,relapse-prevention,derived_from_record_metadata
intervention-achess-2014,uses_modality,gps,derived_from_record_metadata
intervention-achess-2014,uses_modality,self-report,derived_from_record_metadata
intervention-achess-2014,uses_modality,smartphone,derived_from_record_metadata
intervention-adaptive-dbs-parkinson-2021,studies_population,trial-participants,derived_from_record_metadata
intervention-adaptive-dbs-parkinson-2021,targets_domain,neuromodulation,derived_from_record_metadata
intervention-adaptive-dbs-parkinson-2021,targets_domain,parkinson-disease,derived_from_record_metadata
intervention-adaptive-dbs-parkinson-2021,uses_modality,deep-brain-stimulation,derived_from_record_metadata
intervention-adaptive-dbs-parkinson-2021,uses_modality,neural-streaming,derived_from_record_metadata
intervention-ai-coaching-cancer-survivors-2021,studies_population,cancer-survivors,derived_from_record_metadata
intervention-ai-coaching-cancer-survivors-2021,targets_domain,cancer-survivorship,derived_from_record_metadata
intervention-ai-coaching-cancer-survivors-2021,targets_domain,physical-activity,derived_from_record_metadata
intervention-ai-coaching-cancer-survivors-2021,uses_body_location,wrist,derived_from_record_metadata
intervention-ai-coaching-cancer-survivors-2021,uses_modality,fitbit,derived_from_record_metadata
intervention-ai-coaching-cancer-survivors-2021,uses_modality,steps,derived_from_record_metadata
intervention-ai-coaching-cancer-survivors-2021,uses_modality,text-messaging,derived_from_record_metadata
intervention-ai-coaching-cancer-survivors-2021,uses_modality,voice-assistant,derived_from_record_metadata
intervention-aid-digital-twin-coadaptation-2025,studies_population,trial-participants,derived_from_record_metadata
intervention-aid-digital-twin-coadaptation-2025,targets_domain,glycemic-control,derived_from_record_metadata
intervention-aid-digital-twin-coadaptation-2025,targets_domain,human-machine-interaction,derived_from_record_metadata
intervention-aid-digital-twin-coadaptation-2025,targets_domain,type-1-diabetes,derived_from_record_metadata
intervention-aid-digital-twin-coadaptation-2025,uses_modality,cgm,derived_from_record_metadata
intervention-aid-digital-twin-coadaptation-2025,uses_modality,digital-twin,derived_from_record_metadata
intervention-aid-digital-twin-coadaptation-2025,uses_modality,insulin-pump,derived_from_record_metadata
intervention-bionic-pancreas-2022,studies_population,trial-participants,derived_from_record_metadata
intervention-bionic-pancreas-2022,targets_domain,glycemic-control,derived_from_record_metadata
intervention-bionic-pancreas-2022,targets_domain,type-1-diabetes,derived_from_record_metadata
intervention-bionic-pancreas-2022,uses_modality,cgm,derived_from_record_metadata
intervention-bionic-pancreas-2022,uses_modality,insulin-pump,derived_from_record_metadata
intervention-bionic-pancreas-outpatient-2014,studies_population,trial-participants,derived_from_record_metadata
intervention-bionic-pancreas-outpatient-2014,targets_domain,glycemic-control,derived_from_record_metadata
intervention-bionic-pancreas-outpatient-2014,targets_domain,type-1-diabetes,derived_from_record_metadata
intervention-bionic-pancreas-outpatient-2014,uses_modality,cgm,derived_from_record_metadata
intervention-bionic-pancreas-outpatient-2014,uses_modality,glucagon,derived_from_record_metadata
intervention-bionic-pancreas-outpatient-2014,uses_modality,insulin,derived_from_record_metadata
intervention-brain-spine-interface-2023,studies_population,trial-participants,derived_from_record_metadata
intervention-brain-spine-interface-2023,targets_domain,gait,derived_from_record_metadata
intervention-brain-spine-interface-2023,targets_domain,rehabilitation,derived_from_record_metadata
intervention-brain-spine-interface-2023,targets_domain,spinal-cord-injury,derived_from_record_metadata
intervention-brain-spine-interface-2023,uses_modality,ecog,derived_from_record_metadata
intervention-brain-spine-interface-2023,uses_modality,motion,derived_from_record_metadata
intervention-brain-spine-interface-2023,uses_modality,spinal-stimulation,derived_from_record_metadata
intervention-cardiac-rehab-jitai-2023,studies_population,trial-participants,derived_from_record_metadata
intervention-cardiac-rehab-jitai-2023,targets_domain,cardiovascular,derived_from_record_metadata
intervention-cardiac-rehab-jitai-2023,targets_domain,physical-activity,derived_from_record_metadata
intervention-cardiac-rehab-jitai-2023,targets_domain,rehabilitation,derived_from_record_metadata
intervention-cardiac-rehab-jitai-2023,uses_modality,smartphone,derived_from_record_metadata
intervention-cardiac-rehab-jitai-2023,uses_modality,smartwatch,derived_from_record_metadata
intervention-cardiac-rehab-jitai-2023,uses_modality,steps,derived_from_record_metadata
intervention-closed-loop-depression-2021,studies_population,trial-participants,derived_from_record_metadata
intervention-closed-loop-depression-2021,targets_domain,depression,derived_from_record_metadata
intervention-closed-loop-depression-2021,targets_domain,neuromodulation,derived_from_record_metadata
intervention-closed-loop-depression-2021,uses_modality,ieeg,derived_from_record_metadata
intervention-closed-loop-depression-2021,uses_modality,neural-stimulation,derived_from_record_metadata
intervention-closed-loop-vns-sci-2025,studies_population,people-with-chronic-incomplete-cervical-spinal-cord-injury,derived_from_record_metadata
intervention-closed-loop-vns-sci-2025,targets_domain,neurorehabilitation,derived_from_record_metadata
intervention-closed-loop-vns-sci-2025,targets_domain,spinal-cord-injury,derived_from_record_metadata
intervention-closed-loop-vns-sci-2025,uses_modality,force-sensors,derived_from_record_metadata
intervention-closed-loop-vns-sci-2025,uses_modality,motion-sensors,derived_from_record_metadata
intervention-closed-loop-vns-sci-2025,uses_modality,vagus-nerve-stimulation,derived_from_record_metadata
intervention-colorectal-digital-lifestyle-2025,studies_population,trial-participants,derived_from_record_metadata
intervention-colorectal-digital-lifestyle-2025,targets_domain,oncology,derived_from_record_metadata
intervention-colorectal-digital-lifestyle-2025,targets_domain,quality-of-life,derived_from_record_metadata
intervention-colorectal-digital-lifestyle-2025,targets_domain,rehabilitation,derived_from_record_metadata
intervention-colorectal-digital-lifestyle-2025,uses_modality,activity-summary,derived_from_record_metadata
intervention-colorectal-digital-lifestyle-2025,uses_modality,self-report,derived_from_record_metadata
intervention-colorectal-digital-lifestyle-2025,uses_modality,smartphone,derived_from_record_metadata
intervention-control-iq-2019,studies_population,trial-participants,derived_from_record_metadata
intervention-control-iq-2019,targets_domain,glycemic-control,derived_from_record_metadata
intervention-control-iq-2019,targets_domain,type-1-diabetes,derived_from_record_metadata
intervention-control-iq-2019,uses_modality,cgm,derived_from_record_metadata
intervention-control-iq-2019,uses_modality,insulin-pump,derived_from_record_metadata
intervention-copd-wearables-review-2023,studies_population,trial-participants,derived_from_record_metadata
intervention-copd-wearables-review-2023,targets_domain,physical-activity,derived_from_record_metadata
intervention-copd-wearables-review-2023,targets_domain,rehabilitation,derived_from_record_metadata
intervention-copd-wearables-review-2023,targets_domain,respiratory,derived_from_record_metadata
intervention-copd-wearables-review-2023,uses_modality,accelerometer,derived_from_record_metadata
intervention-copd-wearables-review-2023,uses_modality,activity-tracker,derived_from_record_metadata
intervention-copd-wearables-review-2023,uses_modality,steps,derived_from_record_metadata
intervention-digital-depression-anxiety-2025,studies_population,trial-participants,derived_from_record_metadata
intervention-digital-depression-anxiety-2025,targets_domain,anxiety,derived_from_record_metadata
intervention-digital-depression-anxiety-2025,targets_domain,depression,derived_from_record_metadata
intervention-digital-depression-anxiety-2025,targets_domain,mental-health,derived_from_record_metadata
intervention-digital-depression-anxiety-2025,uses_modality,digital-phenotype,derived_from_record_metadata
intervention-digital-depression-anxiety-2025,uses_modality,self-report,derived_from_record_metadata
intervention-digital-depression-anxiety-2025,uses_modality,smartphone,derived_from_record_metadata
intervention-ebrave-af-2022,studies_population,older-adults,derived_from_record_metadata
intervention-ebrave-af-2022,targets_domain,atrial-fibrillation,derived_from_record_metadata
intervention-ebrave-af-2022,targets_domain,screening,derived_from_record_metadata
intervention-ebrave-af-2022,uses_modality,confirmatory-ecg,derived_from_record_metadata
intervention-ebrave-af-2022,uses_modality,smartphone-ppg,derived_from_record_metadata
intervention-home-artificial-beta-cell-2015,studies_population,trial-participants,derived_from_record_metadata
intervention-home-artificial-beta-cell-2015,targets_domain,glycemic-control,derived_from_record_metadata
intervention-home-artificial-beta-cell-2015,targets_domain,type-1-diabetes,derived_from_record_metadata
intervention-home-artificial-beta-cell-2015,uses_modality,cgm,derived_from_record_metadata
intervention-home-artificial-beta-cell-2015,uses_modality,insulin-pump,derived_from_record_metadata
intervention-home-tdcs-mindfulness-2026,studies_population,trial-participants,derived_from_record_metadata
intervention-home-tdcs-mindfulness-2026,targets_domain,neuromodulation,derived_from_record_metadata
intervention-home-tdcs-mindfulness-2026,targets_domain,osteoarthritis,derived_from_record_metadata
intervention-home-tdcs-mindfulness-2026,targets_domain,pain,derived_from_record_metadata
intervention-home-tdcs-mindfulness-2026,uses_modality,self-report,derived_from_record_metadata
intervention-home-tdcs-mindfulness-2026,uses_modality,smartphone,derived_from_record_metadata
intervention-home-tdcs-mindfulness-2026,uses_modality,tdcs,derived_from_record_metadata
intervention-idea-weight-loss-2016,studies_population,trial-participants,derived_from_record_metadata
intervention-idea-weight-loss-2016,targets_domain,obesity,derived_from_record_metadata
intervention-idea-weight-loss-2016,targets_domain,physical-activity,derived_from_record_metadata
intervention-idea-weight-loss-2016,targets_domain,weight-management,derived_from_record_metadata
intervention-idea-weight-loss-2016,uses_modality,activity-tracker,derived_from_record_metadata
intervention-idea-weight-loss-2016,uses_modality,steps,derived_from_record_metadata
intervention-intandem-stroke-2024,studies_population,people-with-chronic-stroke,derived_from_record_metadata
intervention-intandem-stroke-2024,targets_domain,gait-rehabilitation,derived_from_record_metadata
intervention-intandem-stroke-2024,targets_domain,stroke,derived_from_record_metadata
intervention-intandem-stroke-2024,uses_body_location,body-worn,derived_from_record_metadata
intervention-intandem-stroke-2024,uses_modality,auditory-feedback,derived_from_record_metadata
intervention-intandem-stroke-2024,uses_modality,gait-sensing,derived_from_record_metadata
intervention-knee-oa-mindset-2024,studies_population,trial-participants,derived_from_record_metadata
intervention-knee-oa-mindset-2024,targets_domain,osteoarthritis,derived_from_record_metadata
intervention-knee-oa-mindset-2024,targets_domain,pain,derived_from_record_metadata
intervention-knee-oa-mindset-2024,targets_domain,physical-activity,derived_from_record_metadata
intervention-knee-oa-mindset-2024,uses_modality,self-report,derived_from_record_metadata
intervention-knee-oa-mindset-2024,uses_modality,smartphone,derived_from_record_metadata
intervention-long-covid-pace-me-2026,studies_population,trial-participants,derived_from_record_metadata
intervention-long-covid-pace-me-2026,targets_domain,energy-management,derived_from_record_metadata
intervention-long-covid-pace-me-2026,targets_domain,fatigue,derived_from_record_metadata
intervention-long-covid-pace-me-2026,targets_domain,long-covid,derived_from_record_metadata
intervention-long-covid-pace-me-2026,uses_modality,accelerometer,derived_from_record_metadata
intervention-long-covid-pace-me-2026,uses_modality,activity-tracker,derived_from_record_metadata
intervention-long-covid-pace-me-2026,uses_modality,smartphone,derived_from_record_metadata
intervention-low-back-digital-care-2023,studies_population,trial-participants,derived_from_record_metadata
intervention-low-back-digital-care-2023,targets_domain,low-back-pain,derived_from_record_metadata
intervention-low-back-digital-care-2023,targets_domain,rehabilitation,derived_from_record_metadata
intervention-low-back-digital-care-2023,uses_modality,exercise,derived_from_record_metadata
intervention-low-back-digital-care-2023,uses_modality,motion-sensor,derived_from_record_metadata
intervention-low-back-digital-care-2023,uses_modality,smartphone,derived_from_record_metadata
intervention-mybpmylife-2025,studies_population,trial-participants,derived_from_record_metadata
intervention-mybpmylife-2025,targets_domain,diet,derived_from_record_metadata
intervention-mybpmylife-2025,targets_domain,hypertension,derived_from_record_metadata
intervention-mybpmylife-2025,targets_domain,physical-activity,derived_from_record_metadata
intervention-mybpmylife-2025,uses_modality,self-report,derived_from_record_metadata
intervention-mybpmylife-2025,uses_modality,smartwatch,derived_from_record_metadata
intervention-mybpmylife-2025,uses_modality,steps,derived_from_record_metadata
intervention-open-source-aid-2022,studies_population,trial-participants,derived_from_record_metadata
intervention-open-source-aid-2022,targets_domain,glycemic-control,derived_from_record_metadata
intervention-open-source-aid-2022,targets_domain,type-1-diabetes,derived_from_record_metadata
intervention-open-source-aid-2022,uses_modality,cgm,derived_from_record_metadata
intervention-open-source-aid-2022,uses_modality,insulin-pump,derived_from_record_metadata
intervention-perioperative-cancer-rpm-2025,studies_population,trial-participants,derived_from_record_metadata
intervention-perioperative-cancer-rpm-2025,targets_domain,oncology,derived_from_record_metadata
intervention-perioperative-cancer-rpm-2025,targets_domain,perioperative-care,derived_from_record_metadata
intervention-perioperative-cancer-rpm-2025,targets_domain,remote-monitoring,derived_from_record_metadata
intervention-perioperative-cancer-rpm-2025,uses_modality,accelerometer,derived_from_record_metadata
intervention-perioperative-cancer-rpm-2025,uses_modality,steps,derived_from_record_metadata
intervention-perioperative-cancer-rpm-2025,uses_modality,symptom-report,derived_from_record_metadata
intervention-pregnancy-closed-loop-2016,studies_population,trial-participants,derived_from_record_metadata
intervention-pregnancy-closed-loop-2016,targets_domain,glycemic-control,derived_from_record_metadata
intervention-pregnancy-closed-loop-2016,targets_domain,pregnancy,derived_from_record_metadata
intervention-pregnancy-closed-loop-2016,targets_domain,type-1-diabetes,derived_from_record_metadata
intervention-pregnancy-closed-loop-2016,uses_modality,cgm,derived_from_record_metadata
intervention-pregnancy-closed-loop-2016,uses_modality,insulin-pump,derived_from_record_metadata
intervention-reverie-vr-sports-2025,studies_population,adolescents-with-excess-body-weight,derived_from_record_metadata
intervention-reverie-vr-sports-2025,targets_domain,obesity,derived_from_record_metadata
intervention-reverie-vr-sports-2025,targets_domain,physical-activity,derived_from_record_metadata
intervention-reverie-vr-sports-2025,uses_modality,biomechanics,derived_from_record_metadata
intervention-reverie-vr-sports-2025,uses_modality,motion-sensing,derived_from_record_metadata
intervention-reverie-vr-sports-2025,uses_modality,virtual-reality,derived_from_record_metadata
intervention-rns-nine-year-2020,studies_population,trial-participants,derived_from_record_metadata
intervention-rns-nine-year-2020,targets_domain,epilepsy,derived_from_record_metadata
intervention-rns-nine-year-2020,targets_domain,neuromodulation,derived_from_record_metadata
intervention-rns-nine-year-2020,uses_modality,ieeg,derived_from_record_metadata
intervention-rns-nine-year-2020,uses_modality,neural-stimulation,derived_from_record_metadata
intervention-rns-pivotal-2011,studies_population,trial-participants,derived_from_record_metadata
intervention-rns-pivotal-2011,targets_domain,epilepsy,derived_from_record_metadata
intervention-rns-pivotal-2011,targets_domain,neuromodulation,derived_from_record_metadata
intervention-rns-pivotal-2011,uses_modality,ieeg,derived_from_record_metadata
intervention-rns-pivotal-2011,uses_modality,neural-stimulation,derived_from_record_metadata
intervention-sleep-auditory-closed-loop-2013,studies_population,trial-participants,derived_from_record_metadata
intervention-sleep-auditory-closed-loop-2013,targets_domain,memory,derived_from_record_metadata
intervention-sleep-auditory-closed-loop-2013,targets_domain,sleep,derived_from_record_metadata
intervention-sleep-auditory-closed-loop-2013,uses_modality,audio-stimulation,derived_from_record_metadata
intervention-sleep-auditory-closed-loop-2013,uses_modality,eeg,derived_from_record_metadata
intervention-soft-robotic-apparel-parkinson-2024,studies_population,single-participant,derived_from_record_metadata
intervention-soft-robotic-apparel-parkinson-2024,targets_domain,gait,derived_from_record_metadata
intervention-soft-robotic-apparel-parkinson-2024,targets_domain,parkinsons-disease,derived_from_record_metadata
intervention-soft-robotic-apparel-parkinson-2024,uses_body_location,hip,derived_from_record_metadata
intervention-soft-robotic-apparel-parkinson-2024,uses_body_location,lower-body,derived_from_record_metadata
intervention-soft-robotic-apparel-parkinson-2024,uses_modality,motion-sensors,derived_from_record_metadata
intervention-soft-robotic-apparel-parkinson-2024,uses_modality,robotic-actuation,derived_from_record_metadata
intervention-telemedicine-wearables-chronic-pain-2025,studies_population,people-with-chronic-musculoskeletal-pain,derived_from_record_metadata
intervention-telemedicine-wearables-chronic-pain-2025,targets_domain,chronic-pain,derived_from_record_metadata
intervention-telemedicine-wearables-chronic-pain-2025,targets_domain,remote-care,derived_from_record_metadata
intervention-telemedicine-wearables-chronic-pain-2025,uses_modality,telemedicine,derived_from_record_metadata
intervention-telemedicine-wearables-chronic-pain-2025,uses_modality,wearable-monitoring,derived_from_record_metadata
intervention-trackers-umbrella-2022,studies_population,trial-participants,derived_from_record_metadata
intervention-trackers-umbrella-2022,targets_domain,fitness,derived_from_record_metadata
intervention-trackers-umbrella-2022,targets_domain,physical-activity,derived_from_record_metadata
intervention-trackers-umbrella-2022,targets_domain,weight-management,derived_from_record_metadata
intervention-trackers-umbrella-2022,uses_modality,accelerometer,derived_from_record_metadata
intervention-trackers-umbrella-2022,uses_modality,activity-tracker,derived_from_record_metadata
intervention-trackers-umbrella-2022,uses_modality,steps,derived_from_record_metadata
intervention-trippa-2016,studies_population,trial-participants,derived_from_record_metadata
intervention-trippa-2016,targets_domain,behavioral-economics,derived_from_record_metadata
intervention-trippa-2016,targets_domain,physical-activity,derived_from_record_metadata
intervention-trippa-2016,uses_modality,accelerometer,derived_from_record_metadata
intervention-trippa-2016,uses_modality,activity-tracker,derived_from_record_metadata
intervention-vr-chronic-pain-2025,studies_population,trial-participants,derived_from_record_metadata
intervention-vr-chronic-pain-2025,targets_domain,chronic-pain,derived_from_record_metadata
intervention-vr-chronic-pain-2025,targets_domain,telehealth,derived_from_record_metadata
intervention-vr-chronic-pain-2025,uses_modality,self-report,derived_from_record_metadata
intervention-vr-chronic-pain-2025,uses_modality,virtual-reality,derived_from_record_metadata
intervention-wearable-hand-hygiene-feedback-2021,studies_population,healthcare-workers,derived_from_record_metadata
intervention-wearable-hand-hygiene-feedback-2021,targets_domain,infection-control,derived_from_record_metadata
intervention-wearable-hand-hygiene-feedback-2021,targets_domain,workplace-behavior,derived_from_record_metadata
intervention-wearable-hand-hygiene-feedback-2021,uses_body_location,wrist-or-badge,derived_from_record_metadata
intervention-wearable-hand-hygiene-feedback-2021,uses_modality,real-time-feedback,derived_from_record_metadata
intervention-wearable-hand-hygiene-feedback-2021,uses_modality,wearable-proximity-and-use-sensing,derived_from_record_metadata
intervention-wearable-robot-cerebral-palsy-2024,studies_population,children-with-cerebral-palsy,derived_from_record_metadata
intervention-wearable-robot-cerebral-palsy-2024,targets_domain,cerebral-palsy,derived_from_record_metadata
intervention-wearable-robot-cerebral-palsy-2024,targets_domain,gait-rehabilitation,derived_from_record_metadata
intervention-wearable-robot-cerebral-palsy-2024,uses_body_location,lower-limb,derived_from_record_metadata
intervention-wearable-robot-cerebral-palsy-2024,uses_modality,gait-sensing,derived_from_record_metadata
intervention-wearable-robot-cerebral-palsy-2024,uses_modality,robotic-actuation,derived_from_record_metadata
intervention-wearable-visual-assistance-2025,studies_population,people-with-visual-impairment,derived_from_record_metadata
intervention-wearable-visual-assistance-2025,targets_domain,assistive-technology,derived_from_record_metadata
intervention-wearable-visual-assistance-2025,targets_domain,visual-impairment,derived_from_record_metadata
intervention-wearable-visual-assistance-2025,uses_body_location,foot,derived_from_record_metadata
intervention-wearable-visual-assistance-2025,uses_body_location,head-worn,derived_from_record_metadata
intervention-wearable-visual-assistance-2025,uses_modality,audio,derived_from_record_metadata
intervention-wearable-visual-assistance-2025,uses_modality,haptics,derived_from_record_metadata
intervention-wearable-visual-assistance-2025,uses_modality,smart-insole,derived_from_record_metadata
intervention-wearable-visual-assistance-2025,uses_modality,vision,derived_from_record_metadata
intervention-wearables-blood-pressure-review-2025,studies_population,trial-participants,derived_from_record_metadata
intervention-wearables-blood-pressure-review-2025,targets_domain,hypertension,derived_from_record_metadata
intervention-wearables-blood-pressure-review-2025,targets_domain,metabolic,derived_from_record_metadata
intervention-wearables-blood-pressure-review-2025,targets_domain,physical-activity,derived_from_record_metadata
intervention-wearables-blood-pressure-review-2025,uses_modality,accelerometer,derived_from_record_metadata
intervention-wearables-blood-pressure-review-2025,uses_modality,smartwatch,derived_from_record_metadata
intervention-wearables-blood-pressure-review-2025,uses_modality,steps,derived_from_record_metadata
intervention-wrist-wearables-umbrella-2026,studies_population,trial-participants,derived_from_record_metadata
intervention-wrist-wearables-umbrella-2026,targets_domain,cardiometabolic,derived_from_record_metadata
intervention-wrist-wearables-umbrella-2026,targets_domain,mental-health,derived_from_record_metadata
intervention-wrist-wearables-umbrella-2026,targets_domain,pain,derived_from_record_metadata
intervention-wrist-wearables-umbrella-2026,targets_domain,physical-activity,derived_from_record_metadata
intervention-wrist-wearables-umbrella-2026,uses_modality,accelerometer,derived_from_record_metadata
intervention-wrist-wearables-umbrella-2026,uses_modality,steps,derived_from_record_metadata
intervention-wrist-wearables-umbrella-2026,uses_modality,wearable-feedback,derived_from_record_metadata
measure-apple-heart-study-2019,studies_population,adults,derived_from_record_metadata
measure-apple-heart-study-2019,targets_domain,atrial-fibrillation,derived_from_record_metadata
measure-apple-heart-study-2019,targets_domain,cardiovascular,derived_from_record_metadata
measure-apple-heart-study-2019,uses_body_location,wrist,derived_from_record_metadata
measure-apple-heart-study-2019,uses_modality,ecg,derived_from_record_metadata
measure-apple-heart-study-2019,uses_modality,ppg,derived_from_record_metadata
measure-brain-health-review-2026,studies_population,general-population,derived_from_record_metadata
measure-brain-health-review-2026,targets_domain,brain-health,derived_from_record_metadata
measure-brain-health-review-2026,targets_domain,mental-health,derived_from_record_metadata
measure-brain-health-review-2026,targets_domain,neurology,derived_from_record_metadata
measure-brain-health-review-2026,uses_body_location,body-worn,derived_from_record_metadata
measure-brain-health-review-2026,uses_body_location,wrist,derived_from_record_metadata
measure-brain-health-review-2026,uses_modality,accelerometer,derived_from_record_metadata
measure-brain-health-review-2026,uses_modality,eda,derived_from_record_metadata
measure-brain-health-review-2026,uses_modality,ppg,derived_from_record_metadata
measure-brain-health-review-2026,uses_modality,sleep,derived_from_record_metadata
measure-brain-health-review-2026,uses_modality,temperature,derived_from_record_metadata
measure-circadian-disruption-mental-health-2024,studies_population,medical-interns,derived_from_record_metadata
measure-circadian-disruption-mental-health-2024,targets_domain,circadian-health,derived_from_record_metadata
measure-circadian-disruption-mental-health-2024,targets_domain,depression,derived_from_record_metadata
measure-circadian-disruption-mental-health-2024,targets_domain,mental-health,derived_from_record_metadata
measure-circadian-disruption-mental-health-2024,uses_body_location,wrist,derived_from_record_metadata
measure-circadian-disruption-mental-health-2024,uses_modality,activity-summary,derived_from_record_metadata
measure-circadian-disruption-mental-health-2024,uses_modality,heart-rate,derived_from_record_metadata
measure-circadian-disruption-mental-health-2024,uses_modality,sleep,derived_from_record_metadata
measure-cosinorage-2024,studies_population,midlife-adults,derived_from_record_metadata
measure-cosinorage-2024,studies_population,older-adults,derived_from_record_metadata
measure-cosinorage-2024,targets_domain,aging,derived_from_record_metadata
measure-cosinorage-2024,targets_domain,circadian-health,derived_from_record_metadata
measure-cosinorage-2024,targets_domain,mortality,derived_from_record_metadata
measure-cosinorage-2024,uses_body_location,wrist,derived_from_record_metadata
measure-cosinorage-2024,uses_modality,accelerometer,derived_from_record_metadata
measure-covid-passive-explainable-2021,studies_population,adults,derived_from_record_metadata
measure-covid-passive-explainable-2021,targets_domain,covid-19,derived_from_record_metadata
measure-covid-passive-explainable-2021,targets_domain,infectious-disease,derived_from_record_metadata
measure-covid-passive-explainable-2021,uses_body_location,wrist,derived_from_record_metadata
measure-covid-passive-explainable-2021,uses_modality,heart-rate,derived_from_record_metadata
measure-covid-passive-explainable-2021,uses_modality,sleep,derived_from_record_metadata
measure-covid-passive-explainable-2021,uses_modality,steps,derived_from_record_metadata
measure-covid-physiological-signs-2020,studies_population,adults,derived_from_record_metadata
measure-covid-physiological-signs-2020,targets_domain,covid-19,derived_from_record_metadata
measure-covid-physiological-signs-2020,targets_domain,infectious-disease,derived_from_record_metadata
measure-covid-physiological-signs-2020,uses_body_location,wrist,derived_from_record_metadata
measure-covid-physiological-signs-2020,uses_modality,heart-rate,derived_from_record_metadata
measure-covid-physiological-signs-2020,uses_modality,heart-rate-variability,derived_from_record_metadata
measure-covid-physiological-signs-2020,uses_modality,respiration,derived_from_record_metadata
measure-covid-presymptomatic-2020,studies_population,adults,derived_from_record_metadata
measure-covid-presymptomatic-2020,targets_domain,covid-19,derived_from_record_metadata
measure-covid-presymptomatic-2020,targets_domain,infectious-disease,derived_from_record_metadata
measure-covid-presymptomatic-2020,uses_body_location,wrist,derived_from_record_metadata
measure-covid-presymptomatic-2020,uses_modality,heart-rate,derived_from_record_metadata
measure-covid-presymptomatic-2020,uses_modality,sleep,derived_from_record_metadata
measure-covid-presymptomatic-2020,uses_modality,steps,derived_from_record_metadata
measure-covid-sensor-symptoms-2021,studies_population,adults,derived_from_record_metadata
measure-covid-sensor-symptoms-2021,targets_domain,covid-19,derived_from_record_metadata
measure-covid-sensor-symptoms-2021,targets_domain,infectious-disease,derived_from_record_metadata
measure-covid-sensor-symptoms-2021,uses_body_location,wrist,derived_from_record_metadata
measure-covid-sensor-symptoms-2021,uses_modality,heart-rate,derived_from_record_metadata
measure-covid-sensor-symptoms-2021,uses_modality,sleep,derived_from_record_metadata
measure-covid-sensor-symptoms-2021,uses_modality,steps,derived_from_record_metadata
measure-daily-steps-mortality-2020,studies_population,adults,derived_from_record_metadata
measure-daily-steps-mortality-2020,targets_domain,mortality,derived_from_record_metadata
measure-daily-steps-mortality-2020,targets_domain,physical-activity,derived_from_record_metadata
measure-daily-steps-mortality-2020,uses_body_location,waist,derived_from_record_metadata
measure-daily-steps-mortality-2020,uses_modality,accelerometer,derived_from_record_metadata
measure-deepbeat-2020,studies_population,adults,derived_from_record_metadata
measure-deepbeat-2020,targets_domain,atrial-fibrillation,derived_from_record_metadata
measure-deepbeat-2020,targets_domain,signal-quality,derived_from_record_metadata
measure-deepbeat-2020,uses_body_location,wrist,derived_from_record_metadata
measure-deepbeat-2020,uses_modality,ppg,derived_from_record_metadata
measure-falls-frailty-mobility-2019,studies_population,older-adults,derived_from_record_metadata
measure-falls-frailty-mobility-2019,targets_domain,falls,derived_from_record_metadata
measure-falls-frailty-mobility-2019,targets_domain,frailty,derived_from_record_metadata
measure-falls-frailty-mobility-2019,targets_domain,mobility,derived_from_record_metadata
measure-falls-frailty-mobility-2019,uses_body_location,body-worn,derived_from_record_metadata
measure-falls-frailty-mobility-2019,uses_modality,accelerometer,derived_from_record_metadata
measure-falls-frailty-mobility-2019,uses_modality,gyroscope,derived_from_record_metadata
measure-fitbit-heart-study-2022,studies_population,adults,derived_from_record_metadata
measure-fitbit-heart-study-2022,targets_domain,atrial-fibrillation,derived_from_record_metadata
measure-fitbit-heart-study-2022,targets_domain,cardiovascular,derived_from_record_metadata
measure-fitbit-heart-study-2022,uses_body_location,wrist,derived_from_record_metadata
measure-fitbit-heart-study-2022,uses_modality,ecg,derived_from_record_metadata
measure-fitbit-heart-study-2022,uses_modality,ppg,derived_from_record_metadata
measure-frailty-fall-concern-2026,studies_population,older-adults,derived_from_record_metadata
measure-frailty-fall-concern-2026,targets_domain,falls,derived_from_record_metadata
measure-frailty-fall-concern-2026,targets_domain,frailty,derived_from_record_metadata
measure-frailty-fall-concern-2026,targets_domain,mobility,derived_from_record_metadata
measure-frailty-fall-concern-2026,uses_body_location,chest,derived_from_record_metadata
measure-frailty-fall-concern-2026,uses_modality,accelerometer,derived_from_record_metadata
measure-inflammaging-activity-rhythm-2026,studies_population,adults,derived_from_record_metadata
measure-inflammaging-activity-rhythm-2026,targets_domain,aging,derived_from_record_metadata
measure-inflammaging-activity-rhythm-2026,targets_domain,inflammation,derived_from_record_metadata
measure-inflammaging-activity-rhythm-2026,targets_domain,mortality,derived_from_record_metadata
measure-inflammaging-activity-rhythm-2026,uses_body_location,wrist,derived_from_record_metadata
measure-inflammaging-activity-rhythm-2026,uses_modality,accelerometer,derived_from_record_metadata
measure-long-covid-trajectories-2024,studies_population,adults,derived_from_record_metadata
measure-long-covid-trajectories-2024,targets_domain,infectious-disease,derived_from_record_metadata
measure-long-covid-trajectories-2024,targets_domain,long-covid,derived_from_record_metadata
measure-long-covid-trajectories-2024,targets_domain,recovery,derived_from_record_metadata
measure-long-covid-trajectories-2024,uses_body_location,wrist,derived_from_record_metadata
measure-long-covid-trajectories-2024,uses_modality,heart-rate,derived_from_record_metadata
measure-long-covid-trajectories-2024,uses_modality,sleep,derived_from_record_metadata
measure-long-covid-trajectories-2024,uses_modality,steps,derived_from_record_metadata
measure-longitudinal-activity-rhythm-aging-2026,studies_population,adults,derived_from_record_metadata
measure-longitudinal-activity-rhythm-aging-2026,targets_domain,aging,derived_from_record_metadata
measure-longitudinal-activity-rhythm-aging-2026,targets_domain,circadian-health,derived_from_record_metadata
measure-longitudinal-activity-rhythm-aging-2026,uses_body_location,wrist,derived_from_record_metadata
measure-longitudinal-activity-rhythm-aging-2026,uses_modality,accelerometer-derived-activity,derived_from_record_metadata
measure-longitudinal-activity-rhythm-aging-2026,uses_modality,activity-summary,derived_from_record_metadata
measure-mood-episode-prediction-2024,studies_population,people-with-mood-disorders,derived_from_record_metadata
measure-mood-episode-prediction-2024,targets_domain,depression,derived_from_record_metadata
measure-mood-episode-prediction-2024,targets_domain,mania,derived_from_record_metadata
measure-mood-episode-prediction-2024,targets_domain,mood-disorders,derived_from_record_metadata
measure-mood-episode-prediction-2024,uses_body_location,wrist,derived_from_record_metadata
measure-mood-episode-prediction-2024,uses_modality,activity-summary,derived_from_record_metadata
measure-mood-episode-prediction-2024,uses_modality,sleep,derived_from_record_metadata
measure-passive-af-smartwatch-2018,studies_population,adults,derived_from_record_metadata
measure-passive-af-smartwatch-2018,targets_domain,atrial-fibrillation,derived_from_record_metadata
measure-passive-af-smartwatch-2018,targets_domain,cardiovascular,derived_from_record_metadata
measure-passive-af-smartwatch-2018,uses_body_location,wrist,derived_from_record_metadata
measure-passive-af-smartwatch-2018,uses_modality,ppg,derived_from_record_metadata
measure-pd-activity-incident-2023,studies_population,midlife-adults,derived_from_record_metadata
measure-pd-activity-incident-2023,studies_population,older-adults,derived_from_record_metadata
measure-pd-activity-incident-2023,targets_domain,parkinson-disease,derived_from_record_metadata
measure-pd-activity-incident-2023,targets_domain,physical-activity,derived_from_record_metadata
measure-pd-activity-incident-2023,uses_body_location,wrist,derived_from_record_metadata
measure-pd-activity-incident-2023,uses_modality,accelerometer,derived_from_record_metadata
measure-pd-progression-2026,studies_population,people-with-parkinson-disease,derived_from_record_metadata
measure-pd-progression-2026,targets_domain,mobility,derived_from_record_metadata
measure-pd-progression-2026,targets_domain,parkinson-disease,derived_from_record_metadata
measure-pd-progression-2026,targets_domain,progression,derived_from_record_metadata
measure-pd-progression-2026,uses_body_location,wrist,derived_from_record_metadata
measure-pd-progression-2026,uses_modality,accelerometer,derived_from_record_metadata
measure-pd-progression-2026,uses_modality,activity-summary,derived_from_record_metadata
measure-pd-sensor-data-value-2018,studies_population,people-with-parkinson-disease,derived_from_record_metadata
measure-pd-sensor-data-value-2018,targets_domain,bradykinesia,derived_from_record_metadata
measure-pd-sensor-data-value-2018,targets_domain,parkinson-disease,derived_from_record_metadata
measure-pd-sensor-data-value-2018,targets_domain,tremor,derived_from_record_metadata
measure-pd-sensor-data-value-2018,uses_body_location,arm,derived_from_record_metadata
measure-pd-sensor-data-value-2018,uses_body_location,hand,derived_from_record_metadata
measure-pd-sensor-data-value-2018,uses_body_location,thigh,derived_from_record_metadata
measure-pd-sensor-data-value-2018,uses_modality,accelerometer,derived_from_record_metadata
measure-pd-sensor-data-value-2018,uses_modality,gyroscope,derived_from_record_metadata
measure-pd-smartwatch-nonmotor-2024,studies_population,people-with-parkinson-disease,derived_from_record_metadata
measure-pd-smartwatch-nonmotor-2024,targets_domain,non-motor-symptoms,derived_from_record_metadata
measure-pd-smartwatch-nonmotor-2024,targets_domain,parkinson-disease,derived_from_record_metadata
measure-pd-smartwatch-nonmotor-2024,uses_body_location,wrist,derived_from_record_metadata
measure-pd-smartwatch-nonmotor-2024,uses_modality,accelerometer,derived_from_record_metadata
measure-pd-smartwatch-nonmotor-2024,uses_modality,activity-summary,derived_from_record_metadata
measure-pd-smartwatch-nonmotor-2024,uses_modality,ppg,derived_from_record_metadata
measure-pd-smartwatch-nonmotor-2024,uses_modality,sleep,derived_from_record_metadata
measure-pd-virtual-exam-2022,studies_population,people-with-parkinson-disease,derived_from_record_metadata
measure-pd-virtual-exam-2022,targets_domain,motor-function,derived_from_record_metadata
measure-pd-virtual-exam-2022,targets_domain,parkinson-disease,derived_from_record_metadata
measure-pd-virtual-exam-2022,uses_body_location,wrist,derived_from_record_metadata
measure-pd-virtual-exam-2022,uses_modality,accelerometer,derived_from_record_metadata
measure-pd-virtual-exam-2022,uses_modality,eda,derived_from_record_metadata
measure-pd-virtual-exam-2022,uses_modality,gyroscope,derived_from_record_metadata
measure-pd-virtual-exam-2022,uses_modality,ppg,derived_from_record_metadata
measure-pd-weekend-warrior-2024,studies_population,midlife-adults,derived_from_record_metadata
measure-pd-weekend-warrior-2024,studies_population,older-adults,derived_from_record_metadata
measure-pd-weekend-warrior-2024,targets_domain,parkinson-disease,derived_from_record_metadata
measure-pd-weekend-warrior-2024,targets_domain,physical-activity,derived_from_record_metadata
measure-pd-weekend-warrior-2024,uses_body_location,wrist,derived_from_record_metadata
measure-pd-weekend-warrior-2024,uses_modality,accelerometer,derived_from_record_metadata
measure-persistent-post-covid-2025,studies_population,adults,derived_from_record_metadata
measure-persistent-post-covid-2025,targets_domain,fatigue,derived_from_record_metadata
measure-persistent-post-covid-2025,targets_domain,long-covid,derived_from_record_metadata
measure-persistent-post-covid-2025,targets_domain,respiratory,derived_from_record_metadata
measure-persistent-post-covid-2025,uses_body_location,wrist,derived_from_record_metadata
measure-persistent-post-covid-2025,uses_modality,heart-rate,derived_from_record_metadata
measure-persistent-post-covid-2025,uses_modality,sleep,derived_from_record_metadata
measure-persistent-post-covid-2025,uses_modality,steps,derived_from_record_metadata
measure-physical-activity-incident-disease-2022,studies_population,midlife-adults,derived_from_record_metadata
measure-physical-activity-incident-disease-2022,studies_population,older-adults,derived_from_record_metadata
measure-physical-activity-incident-disease-2022,targets_domain,multimorbidity,derived_from_record_metadata
measure-physical-activity-incident-disease-2022,targets_domain,physical-activity,derived_from_record_metadata
measure-physical-activity-incident-disease-2022,targets_domain,population-health,derived_from_record_metadata
measure-physical-activity-incident-disease-2022,uses_body_location,wrist,derived_from_record_metadata
measure-physical-activity-incident-disease-2022,uses_modality,accelerometer,derived_from_record_metadata
measure-prediabetes-glycemic-control-2021,studies_population,adults-with-prediabetes,derived_from_record_metadata
measure-prediabetes-glycemic-control-2021,targets_domain,glycemic-control,derived_from_record_metadata
measure-prediabetes-glycemic-control-2021,targets_domain,metabolic,derived_from_record_metadata
measure-prediabetes-glycemic-control-2021,targets_domain,prediabetes,derived_from_record_metadata
measure-prediabetes-glycemic-control-2021,uses_body_location,waist,derived_from_record_metadata
measure-prediabetes-glycemic-control-2021,uses_body_location,wrist,derived_from_record_metadata
measure-prediabetes-glycemic-control-2021,uses_modality,accelerometer,derived_from_record_metadata
measure-prediabetes-glycemic-control-2021,uses_modality,activity-summary,derived_from_record_metadata
measure-pregnancy-biometrics-2024,studies_population,pregnant-people,derived_from_record_metadata
measure-pregnancy-biometrics-2024,targets_domain,maternal-health,derived_from_record_metadata
measure-pregnancy-biometrics-2024,targets_domain,pregnancy,derived_from_record_metadata
measure-pregnancy-biometrics-2024,uses_body_location,finger,derived_from_record_metadata
measure-pregnancy-biometrics-2024,uses_body_location,wrist,derived_from_record_metadata
measure-pregnancy-biometrics-2024,uses_modality,activity-summary,derived_from_record_metadata
measure-pregnancy-biometrics-2024,uses_modality,heart-rate,derived_from_record_metadata
measure-pregnancy-biometrics-2024,uses_modality,heart-rate-variability,derived_from_record_metadata
measure-pregnancy-biometrics-2024,uses_modality,sleep,derived_from_record_metadata
measure-pregnancy-biometrics-2024,uses_modality,temperature,derived_from_record_metadata
measure-sleep-accelerometer-mortality-2024,studies_population,adults,derived_from_record_metadata
measure-sleep-accelerometer-mortality-2024,targets_domain,mortality,derived_from_record_metadata
measure-sleep-accelerometer-mortality-2024,targets_domain,sleep,derived_from_record_metadata
measure-sleep-accelerometer-mortality-2024,uses_body_location,wrist,derived_from_record_metadata
measure-sleep-accelerometer-mortality-2024,uses_modality,accelerometer,derived_from_record_metadata
measure-sleep-staging-heart-rate-2020,studies_population,adults,derived_from_record_metadata
measure-sleep-staging-heart-rate-2020,targets_domain,sleep,derived_from_record_metadata
measure-sleep-staging-heart-rate-2020,uses_body_location,chest,derived_from_record_metadata
measure-sleep-staging-heart-rate-2020,uses_body_location,wrist,derived_from_record_metadata
measure-sleep-staging-heart-rate-2020,uses_modality,heart-rate,derived_from_record_metadata
measure-steps-cancer-cvd-2022,studies_population,midlife-adults,derived_from_record_metadata
measure-steps-cancer-cvd-2022,studies_population,older-adults,derived_from_record_metadata
measure-steps-cancer-cvd-2022,targets_domain,cancer,derived_from_record_metadata
measure-steps-cancer-cvd-2022,targets_domain,cardiovascular,derived_from_record_metadata
measure-steps-cancer-cvd-2022,targets_domain,mortality,derived_from_record_metadata
measure-steps-cancer-cvd-2022,targets_domain,physical-activity,derived_from_record_metadata
measure-steps-cancer-cvd-2022,uses_body_location,wrist,derived_from_record_metadata
measure-steps-cancer-cvd-2022,uses_modality,accelerometer,derived_from_record_metadata
measure-stress-phenotypes-2018,studies_population,adults,derived_from_record_metadata
measure-stress-phenotypes-2018,targets_domain,mental-health,derived_from_record_metadata
measure-stress-phenotypes-2018,targets_domain,stress,derived_from_record_metadata
measure-stress-phenotypes-2018,uses_body_location,wrist,derived_from_record_metadata
measure-stress-phenotypes-2018,uses_modality,accelerometer,derived_from_record_metadata
measure-stress-phenotypes-2018,uses_modality,eda,derived_from_record_metadata
measure-stress-phenotypes-2018,uses_modality,heart-rate,derived_from_record_metadata
measure-stress-phenotypes-2018,uses_modality,temperature,derived_from_record_metadata
measure-swas-perspective-2026,studies_population,general-population,derived_from_record_metadata
measure-swas-perspective-2026,targets_domain,digital-phenotyping,derived_from_record_metadata
measure-swas-perspective-2026,targets_domain,population-health,derived_from_record_metadata
measure-swas-perspective-2026,uses_body_location,body-worn,derived_from_record_metadata
measure-swas-perspective-2026,uses_modality,wearable-sensor-features,derived_from_record_metadata
measure-wearable-ecg-age-af-2026,studies_population,adults,derived_from_record_metadata
measure-wearable-ecg-age-af-2026,targets_domain,aging,derived_from_record_metadata
measure-wearable-ecg-age-af-2026,targets_domain,atrial-fibrillation,derived_from_record_metadata
measure-wearable-ecg-age-af-2026,targets_domain,cardiovascular,derived_from_record_metadata
measure-wearable-ecg-age-af-2026,uses_body_location,wrist,derived_from_record_metadata
measure-wearable-ecg-age-af-2026,uses_modality,ecg,derived_from_record_metadata
measure-wrist-af-holter-2025,studies_population,adults,derived_from_record_metadata
measure-wrist-af-holter-2025,targets_domain,atrial-fibrillation,derived_from_record_metadata
measure-wrist-af-holter-2025,targets_domain,cardiovascular,derived_from_record_metadata
measure-wrist-af-holter-2025,uses_body_location,wrist,derived_from_record_metadata
measure-wrist-af-holter-2025,uses_modality,ecg,derived_from_record_metadata
measure-wrist-af-holter-2025,uses_modality,ppg,derived_from_record_metadata
method-accelerometer-autocalibration-2014,studies_population,general-population,derived_from_record_metadata
method-accelerometer-autocalibration-2014,targets_domain,causal-inference,derived_from_record_metadata
method-accelerometer-autocalibration-2014,targets_domain,personalized-health,derived_from_record_metadata
method-accelerometer-autocalibration-2014,uses_modality,accelerometer,derived_from_record_metadata
method-accelerometer-autocalibration-2014,uses_modality,temperature,derived_from_record_metadata
method-add-malts-2024,studies_population,general-population,derived_from_record_metadata
method-add-malts-2024,targets_domain,causal-inference,derived_from_record_metadata
method-add-malts-2024,targets_domain,personalized-health,derived_from_record_metadata
method-add-malts-2024,uses_modality,cgm,derived_from_record_metadata
method-add-malts-2024,uses_modality,wearable-distributions,derived_from_record_metadata
method-ai-clinician-2018,studies_population,general-population,derived_from_record_metadata
method-ai-clinician-2018,targets_domain,causal-inference,derived_from_record_metadata
method-ai-clinician-2018,targets_domain,personalized-health,derived_from_record_metadata
method-ai-clinician-2018,uses_modality,longitudinal-data,derived_from_record_metadata
method-brits-2018,studies_population,general-population,derived_from_record_metadata
method-brits-2018,targets_domain,causal-inference,derived_from_record_metadata
method-brits-2018,targets_domain,personalized-health,derived_from_record_metadata
method-brits-2018,uses_modality,longitudinal-data,derived_from_record_metadata
method-causal-counterfactual-prediction-2020,studies_population,general-population,derived_from_record_metadata
method-causal-counterfactual-prediction-2020,targets_domain,causal-inference,derived_from_record_metadata
method-causal-counterfactual-prediction-2020,targets_domain,personalized-health,derived_from_record_metadata
method-causal-counterfactual-prediction-2020,uses_modality,longitudinal-data,derived_from_record_metadata
method-causal-digital-twins-2026,studies_population,clinical-populations,derived_from_record_metadata
method-causal-digital-twins-2026,targets_domain,causal-inference,derived_from_record_metadata
method-causal-digital-twins-2026,targets_domain,clinical-decision-support,derived_from_record_metadata
method-causal-digital-twins-2026,targets_domain,personalized-health,derived_from_record_metadata
method-causal-digital-twins-2026,uses_modality,cgm,derived_from_record_metadata
method-causal-digital-twins-2026,uses_modality,longitudinal-data,derived_from_record_metadata
method-causal-forests-2018,studies_population,general-population,derived_from_record_metadata
method-causal-forests-2018,targets_domain,causal-inference,derived_from_record_metadata
method-causal-forests-2018,targets_domain,personalized-health,derived_from_record_metadata
method-causal-forests-2018,uses_modality,longitudinal-data,derived_from_record_metadata
method-causal-transformer-2022,studies_population,general-population,derived_from_record_metadata
method-causal-transformer-2022,targets_domain,causal-inference,derived_from_record_metadata
method-causal-transformer-2022,targets_domain,personalized-health,derived_from_record_metadata
method-causal-transformer-2022,uses_modality,longitudinal-data,derived_from_record_metadata
method-causal-transformer-ltmle-2024,studies_population,general-population,derived_from_record_metadata
method-causal-transformer-ltmle-2024,targets_domain,causal-inference,derived_from_record_metadata
method-causal-transformer-ltmle-2024,targets_domain,personalized-health,derived_from_record_metadata
method-causal-transformer-ltmle-2024,uses_modality,longitudinal-data,derived_from_record_metadata
method-causal-trees-2016,studies_population,general-population,derived_from_record_metadata
method-causal-trees-2016,targets_domain,causal-inference,derived_from_record_metadata
method-causal-trees-2016,targets_domain,personalized-health,derived_from_record_metadata
method-causal-trees-2016,uses_modality,longitudinal-data,derived_from_record_metadata
method-cevae-2017,studies_population,general-population,derived_from_record_metadata
method-cevae-2017,targets_domain,causal-inference,derived_from_record_metadata
method-cevae-2017,targets_domain,personalized-health,derived_from_record_metadata
method-cevae-2017,uses_modality,longitudinal-data,derived_from_record_metadata
method-cf-ode-2022,studies_population,general-population,derived_from_record_metadata
method-cf-ode-2022,targets_domain,causal-inference,derived_from_record_metadata
method-cf-ode-2022,targets_domain,personalized-health,derived_from_record_metadata
method-cf-ode-2022,uses_modality,longitudinal-data,derived_from_record_metadata
method-cfr-2017,studies_population,general-population,derived_from_record_metadata
method-cfr-2017,targets_domain,causal-inference,derived_from_record_metadata
method-cfr-2017,targets_domain,personalized-health,derived_from_record_metadata
method-cfr-2017,uses_modality,longitudinal-data,derived_from_record_metadata
method-crn-2020,studies_population,general-population,derived_from_record_metadata
method-crn-2020,targets_domain,causal-inference,derived_from_record_metadata
method-crn-2020,targets_domain,personalized-health,derived_from_record_metadata
method-crn-2020,uses_modality,longitudinal-data,derived_from_record_metadata
method-dag-gnn-2019,studies_population,general-population,derived_from_record_metadata
method-dag-gnn-2019,targets_domain,causal-inference,derived_from_record_metadata
method-dag-gnn-2019,targets_domain,personalized-health,derived_from_record_metadata
method-dag-gnn-2019,uses_modality,longitudinal-data,derived_from_record_metadata
method-data-efficient-ope-2016,studies_population,general-population,derived_from_record_metadata
method-data-efficient-ope-2016,targets_domain,causal-inference,derived_from_record_metadata
method-data-efficient-ope-2016,targets_domain,personalized-health,derived_from_record_metadata
method-data-efficient-ope-2016,uses_modality,longitudinal-data,derived_from_record_metadata
method-deepiv-2017,studies_population,general-population,derived_from_record_metadata
method-deepiv-2017,targets_domain,causal-inference,derived_from_record_metadata
method-deepiv-2017,targets_domain,personalized-health,derived_from_record_metadata
method-deepiv-2017,uses_modality,longitudinal-data,derived_from_record_metadata
method-dice-2020,studies_population,general-population,derived_from_record_metadata
method-dice-2020,targets_domain,causal-inference,derived_from_record_metadata
method-dice-2020,targets_domain,personalized-health,derived_from_record_metadata
method-dice-2020,uses_modality,longitudinal-data,derived_from_record_metadata
method-dr-off-policy-rl-2016,studies_population,general-population,derived_from_record_metadata
method-dr-off-policy-rl-2016,targets_domain,causal-inference,derived_from_record_metadata
method-dr-off-policy-rl-2016,targets_domain,personalized-health,derived_from_record_metadata
method-dr-off-policy-rl-2016,uses_modality,longitudinal-data,derived_from_record_metadata
method-dr-policy-evaluation-2011,studies_population,general-population,derived_from_record_metadata
method-dr-policy-evaluation-2011,targets_domain,causal-inference,derived_from_record_metadata
method-dr-policy-evaluation-2011,targets_domain,personalized-health,derived_from_record_metadata
method-dr-policy-evaluation-2011,uses_modality,longitudinal-data,derived_from_record_metadata
method-dragonnet-2019,studies_population,general-population,derived_from_record_metadata
method-dragonnet-2019,targets_domain,causal-inference,derived_from_record_metadata
method-dragonnet-2019,targets_domain,personalized-health,derived_from_record_metadata
method-dragonnet-2019,uses_modality,longitudinal-data,derived_from_record_metadata
method-dynotears-2020,studies_population,general-population,derived_from_record_metadata
method-dynotears-2020,targets_domain,causal-inference,derived_from_record_metadata
method-dynotears-2020,targets_domain,personalized-health,derived_from_record_metadata
method-dynotears-2020,uses_modality,longitudinal-data,derived_from_record_metadata
method-face-2020,studies_population,general-population,derived_from_record_metadata
method-face-2020,targets_domain,causal-inference,derived_from_record_metadata
method-face-2020,targets_domain,personalized-health,derived_from_record_metadata
method-face-2020,uses_modality,longitudinal-data,derived_from_record_metadata
method-federated-digital-health-2020,studies_population,general-population,derived_from_record_metadata
method-federated-digital-health-2020,targets_domain,causal-inference,derived_from_record_metadata
method-federated-digital-health-2020,targets_domain,personalized-health,derived_from_record_metadata
method-federated-digital-health-2020,uses_modality,longitudinal-data,derived_from_record_metadata
method-ganite-2018,studies_population,general-population,derived_from_record_metadata
method-ganite-2018,targets_domain,causal-inference,derived_from_record_metadata
method-ganite-2018,targets_domain,personalized-health,derived_from_record_metadata
method-ganite-2018,uses_modality,longitudinal-data,derived_from_record_metadata
method-generalized-random-forests-2019,studies_population,general-population,derived_from_record_metadata
method-generalized-random-forests-2019,targets_domain,causal-inference,derived_from_record_metadata
method-generalized-random-forests-2019,targets_domain,personalized-health,derived_from_record_metadata
method-generalized-random-forests-2019,uses_modality,longitudinal-data,derived_from_record_metadata
method-gradient-v-learning-2020,studies_population,general-population,derived_from_record_metadata
method-gradient-v-learning-2020,targets_domain,causal-inference,derived_from_record_metadata
method-gradient-v-learning-2020,targets_domain,personalized-health,derived_from_record_metadata
method-gradient-v-learning-2020,uses_modality,longitudinal-data,derived_from_record_metadata
method-gran-dag-2019,studies_population,general-population,derived_from_record_metadata
method-gran-dag-2019,targets_domain,causal-inference,derived_from_record_metadata
method-gran-dag-2019,targets_domain,personalized-health,derived_from_record_metadata
method-gran-dag-2019,uses_modality,longitudinal-data,derived_from_record_metadata
method-grud-2018,studies_population,general-population,derived_from_record_metadata
method-grud-2018,targets_domain,causal-inference,derived_from_record_metadata
method-grud-2018,targets_domain,personalized-health,derived_from_record_metadata
method-grud-2018,uses_modality,longitudinal-data,derived_from_record_metadata
method-health-algorithm-bias-2019,studies_population,general-population,derived_from_record_metadata
method-health-algorithm-bias-2019,targets_domain,causal-inference,derived_from_record_metadata
method-health-algorithm-bias-2019,targets_domain,personalized-health,derived_from_record_metadata
method-health-algorithm-bias-2019,uses_modality,ehr,derived_from_record_metadata
method-health-algorithm-bias-2019,uses_modality,risk-score,derived_from_record_metadata
method-healthcare-rl-guidelines-2019,studies_population,general-population,derived_from_record_metadata
method-healthcare-rl-guidelines-2019,targets_domain,causal-inference,derived_from_record_metadata
method-healthcare-rl-guidelines-2019,targets_domain,personalized-health,derived_from_record_metadata
method-healthcare-rl-guidelines-2019,uses_modality,longitudinal-data,derived_from_record_metadata
method-heartsteps-mrt-2019,studies_population,general-population,derived_from_record_metadata
method-heartsteps-mrt-2019,targets_domain,causal-inference,derived_from_record_metadata
method-heartsteps-mrt-2019,targets_domain,personalized-health,derived_from_record_metadata
method-heartsteps-mrt-2019,uses_modality,context,derived_from_record_metadata
method-heartsteps-mrt-2019,uses_modality,smartphone,derived_from_record_metadata
method-heartsteps-mrt-2019,uses_modality,steps,derived_from_record_metadata
method-invariant-causal-prediction-2016,studies_population,general-population,derived_from_record_metadata
method-invariant-causal-prediction-2016,targets_domain,causal-inference,derived_from_record_metadata
method-invariant-causal-prediction-2016,targets_domain,personalized-health,derived_from_record_metadata
method-invariant-causal-prediction-2016,uses_modality,longitudinal-data,derived_from_record_metadata
method-ivae-2020,studies_population,general-population,derived_from_record_metadata
method-ivae-2020,targets_domain,causal-inference,derived_from_record_metadata
method-ivae-2020,targets_domain,personalized-health,derived_from_record_metadata
method-ivae-2020,uses_modality,longitudinal-data,derived_from_record_metadata
method-jitai-annual-review-2026,studies_population,general-population,derived_from_record_metadata
method-jitai-annual-review-2026,targets_domain,causal-inference,derived_from_record_metadata
method-jitai-annual-review-2026,targets_domain,personalized-health,derived_from_record_metadata
method-jitai-annual-review-2026,uses_modality,longitudinal-data,derived_from_record_metadata
method-mace-2020,studies_population,general-population,derived_from_record_metadata
method-mace-2020,targets_domain,causal-inference,derived_from_record_metadata
method-mace-2020,targets_domain,personalized-health,derived_from_record_metadata
method-mace-2020,uses_modality,longitudinal-data,derived_from_record_metadata
method-mice-2011,studies_population,general-population,derived_from_record_metadata
method-mice-2011,targets_domain,causal-inference,derived_from_record_metadata
method-mice-2011,targets_domain,personalized-health,derived_from_record_metadata
method-mice-2011,uses_modality,missing-data,derived_from_record_metadata
method-micro-randomized-trial-design-2015,informs_design_of,intervention-heartsteps-v1-mrt,primary-method-to-trial-link
method-micro-randomized-trial-design-2015,informs_design_of,intervention-sense2stop-protocol,primary-method-to-trial-link
method-mrt-health-psychology-2015,studies_population,general-population,derived_from_record_metadata
method-mrt-health-psychology-2015,targets_domain,causal-inference,derived_from_record_metadata
method-mrt-health-psychology-2015,targets_domain,personalized-health,derived_from_record_metadata
method-mrt-health-psychology-2015,uses_modality,longitudinal-data,derived_from_record_metadata
method-mrt-moderation-2018,studies_population,general-population,derived_from_record_metadata
method-mrt-moderation-2018,targets_domain,causal-inference,derived_from_record_metadata
method-mrt-moderation-2018,targets_domain,personalized-health,derived_from_record_metadata
method-mrt-moderation-2018,uses_modality,longitudinal-data,derived_from_record_metadata
method-mrt-practical-2022,studies_population,general-population,derived_from_record_metadata
method-mrt-practical-2022,targets_domain,causal-inference,derived_from_record_metadata
method-mrt-practical-2022,targets_domain,personalized-health,derived_from_record_metadata
method-mrt-practical-2022,uses_modality,longitudinal-data,derived_from_record_metadata
method-mrt-sample-size-2018,studies_population,general-population,derived_from_record_metadata
method-mrt-sample-size-2018,targets_domain,causal-inference,derived_from_record_metadata
method-mrt-sample-size-2018,targets_domain,personalized-health,derived_from_record_metadata
method-mrt-sample-size-2018,uses_modality,longitudinal-data,derived_from_record_metadata
method-mrt-statistics-medicine-2016,studies_population,general-population,derived_from_record_metadata
method-mrt-statistics-medicine-2016,targets_domain,causal-inference,derived_from_record_metadata
method-mrt-statistics-medicine-2016,targets_domain,personalized-health,derived_from_record_metadata
method-mrt-statistics-medicine-2016,uses_modality,longitudinal-data,derived_from_record_metadata
method-msm-2000,studies_population,general-population,derived_from_record_metadata
method-msm-2000,targets_domain,causal-inference,derived_from_record_metadata
method-msm-2000,targets_domain,personalized-health,derived_from_record_metadata
method-msm-2000,uses_modality,longitudinal-data,derived_from_record_metadata
method-notears-2018,studies_population,general-population,derived_from_record_metadata
method-notears-2018,targets_domain,causal-inference,derived_from_record_metadata
method-notears-2018,targets_domain,personalized-health,derived_from_record_metadata
method-notears-2018,uses_modality,longitudinal-data,derived_from_record_metadata
method-off-policy-mobile-health-2021,evaluates_policy_for,intervention-heartsteps-v1-mrt,methodological-application-link
method-optical-hr-inaccuracy-2020,studies_population,general-population,derived_from_record_metadata
method-optical-hr-inaccuracy-2020,targets_domain,causal-inference,derived_from_record_metadata
method-optical-hr-inaccuracy-2020,targets_domain,personalized-health,derived_from_record_metadata
method-optical-hr-inaccuracy-2020,uses_modality,heart-rate,derived_from_record_metadata
method-optical-hr-inaccuracy-2020,uses_modality,ppg,derived_from_record_metadata
method-pcmci-2019,studies_population,general-population,derived_from_record_metadata
method-pcmci-2019,targets_domain,causal-inference,derived_from_record_metadata
method-pcmci-2019,targets_domain,personalized-health,derived_from_record_metadata
method-pcmci-2019,uses_modality,multivariate-time-series,derived_from_record_metadata
method-probabilistic-recourse-2020,studies_population,general-population,derived_from_record_metadata
method-probabilistic-recourse-2020,targets_domain,causal-inference,derived_from_record_metadata
method-probabilistic-recourse-2020,targets_domain,personalized-health,derived_from_record_metadata
method-probabilistic-recourse-2020,uses_modality,longitudinal-data,derived_from_record_metadata
method-pulse-ox-racial-bias-2020,studies_population,general-population,derived_from_record_metadata
method-pulse-ox-racial-bias-2020,targets_domain,causal-inference,derived_from_record_metadata
method-pulse-ox-racial-bias-2020,targets_domain,personalized-health,derived_from_record_metadata
method-pulse-ox-racial-bias-2020,uses_modality,ppg,derived_from_record_metadata
method-pulse-ox-racial-bias-2020,uses_modality,spo2,derived_from_record_metadata
method-q-learning-dtr-2005,studies_population,general-population,derived_from_record_metadata
method-q-learning-dtr-2005,targets_domain,causal-inference,derived_from_record_metadata
method-q-learning-dtr-2005,targets_domain,personalized-health,derived_from_record_metadata
method-q-learning-dtr-2005,uses_modality,longitudinal-data,derived_from_record_metadata
method-rmsn-2018,studies_population,general-population,derived_from_record_metadata
method-rmsn-2018,targets_domain,causal-inference,derived_from_record_metadata
method-rmsn-2018,targets_domain,personalized-health,derived_from_record_metadata
method-rmsn-2018,uses_modality,longitudinal-clinical-data,derived_from_record_metadata
method-scigan-2020,studies_population,general-population,derived_from_record_metadata
method-scigan-2020,targets_domain,causal-inference,derived_from_record_metadata
method-scigan-2020,targets_domain,personalized-health,derived_from_record_metadata
method-scigan-2020,uses_modality,longitudinal-data,derived_from_record_metadata
method-secure-federated-medical-2020,studies_population,general-population,derived_from_record_metadata
method-secure-federated-medical-2020,targets_domain,causal-inference,derived_from_record_metadata
method-secure-federated-medical-2020,targets_domain,personalized-health,derived_from_record_metadata
method-secure-federated-medical-2020,uses_modality,longitudinal-data,derived_from_record_metadata
method-smart-design-2005,studies_population,general-population,derived_from_record_metadata
method-smart-design-2005,targets_domain,causal-inference,derived_from_record_metadata
method-smart-design-2005,targets_domain,personalized-health,derived_from_record_metadata
method-smart-design-2005,uses_modality,longitudinal-data,derived_from_record_metadata
method-step-imputation-chil-2024,studies_population,general-population,derived_from_record_metadata
method-step-imputation-chil-2024,targets_domain,causal-inference,derived_from_record_metadata
method-step-imputation-chil-2024,targets_domain,personalized-health,derived_from_record_metadata
method-step-imputation-chil-2024,uses_modality,steps,derived_from_record_metadata
method-step-imputation-chil-2024,uses_modality,wearable-summary,derived_from_record_metadata
method-synctwin-2021,studies_population,general-population,derived_from_record_metadata
method-synctwin-2021,targets_domain,causal-inference,derived_from_record_metadata
method-synctwin-2021,targets_domain,personalized-health,derived_from_record_metadata
method-synctwin-2021,uses_modality,longitudinal-data,derived_from_record_metadata
method-target-trial-big-data-2016,studies_population,general-population,derived_from_record_metadata
method-target-trial-big-data-2016,targets_domain,causal-inference,derived_from_record_metadata
method-target-trial-big-data-2016,targets_domain,personalized-health,derived_from_record_metadata
method-target-trial-big-data-2016,uses_modality,longitudinal-data,derived_from_record_metadata
method-target-trial-immortal-time-2016,studies_population,general-population,derived_from_record_metadata
method-target-trial-immortal-time-2016,targets_domain,causal-inference,derived_from_record_metadata
method-target-trial-immortal-time-2016,targets_domain,personalized-health,derived_from_record_metadata
method-target-trial-immortal-time-2016,uses_modality,longitudinal-data,derived_from_record_metadata
method-te-cde-2022,studies_population,general-population,derived_from_record_metadata
method-te-cde-2022,targets_domain,causal-inference,derived_from_record_metadata
method-te-cde-2022,targets_domain,personalized-health,derived_from_record_metadata
method-te-cde-2022,uses_modality,longitudinal-data,derived_from_record_metadata
method-time-series-deconfounder-2020,studies_population,general-population,derived_from_record_metadata
method-time-series-deconfounder-2020,targets_domain,causal-inference,derived_from_record_metadata
method-time-series-deconfounder-2020,targets_domain,personalized-health,derived_from_record_metadata
method-time-series-deconfounder-2020,uses_modality,longitudinal-data,derived_from_record_metadata
method-time-varying-gp-treatment-2023,studies_population,general-population,derived_from_record_metadata
method-time-varying-gp-treatment-2023,targets_domain,causal-inference,derived_from_record_metadata
method-time-varying-gp-treatment-2023,targets_domain,personalized-health,derived_from_record_metadata
method-time-varying-gp-treatment-2023,uses_modality,longitudinal-data,derived_from_record_metadata
method-v-learning-2015,studies_population,general-population,derived_from_record_metadata
method-v-learning-2015,targets_domain,causal-inference,derived_from_record_metadata
method-v-learning-2015,targets_domain,personalized-health,derived_from_record_metadata
method-v-learning-2015,uses_modality,longitudinal-data,derived_from_record_metadata
model-apple-wafm-2024,studies_population,general-population,derived_from_record_metadata
model-apple-wafm-2024,targets_domain,health-prediction,derived_from_record_metadata
model-apple-wafm-2024,targets_domain,human-activity,derived_from_record_metadata
model-apple-wafm-2024,uses_modality,accelerometer,derived_from_record_metadata
model-apple-wafm-2024,uses_modality,ppg,derived_from_record_metadata
model-behavioral-fm-2025,studies_population,general-population,derived_from_record_metadata
model-behavioral-fm-2025,targets_domain,behavior,derived_from_record_metadata
model-behavioral-fm-2025,targets_domain,disease-risk,derived_from_record_metadata
model-behavioral-fm-2025,uses_modality,activity-summary,derived_from_record_metadata
model-behavioral-fm-2025,uses_modality,heart-rate,derived_from_record_metadata
model-behavioral-fm-2025,uses_modality,sleep,derived_from_record_metadata
model-belt2-2024,studies_population,general-population,derived_from_record_metadata
model-belt2-2024,targets_domain,brain-decoding,derived_from_record_metadata
model-belt2-2024,targets_domain,sensor-language,derived_from_record_metadata
model-belt2-2024,uses_modality,eeg,derived_from_record_metadata
model-belt2-2024,uses_modality,text,derived_from_record_metadata
model-bendr-2021,studies_population,general-population,derived_from_record_metadata
model-bendr-2021,targets_domain,neurology,derived_from_record_metadata
model-bendr-2021,uses_modality,eeg,derived_from_record_metadata
model-biometric-contrastive-ecg-2024,studies_population,clinical-and-general-populations,derived_from_record_metadata
model-biometric-contrastive-ecg-2024,targets_domain,cardiovascular,derived_from_record_metadata
model-biometric-contrastive-ecg-2024,uses_modality,ecg-image,derived_from_record_metadata
model-biot-2023,studies_population,general-population,derived_from_record_metadata
model-biot-2023,targets_domain,general-health,derived_from_record_metadata
model-biot-2023,uses_modality,ecg,derived_from_record_metadata
model-biot-2023,uses_modality,eeg,derived_from_record_metadata
model-biot-2023,uses_modality,emg,derived_from_record_metadata
model-biot-2023,uses_modality,eog,derived_from_record_metadata
model-brainomni-2025,studies_population,general-population,derived_from_record_metadata
model-brainomni-2025,targets_domain,brain-computer-interface,derived_from_record_metadata
model-brainomni-2025,targets_domain,neurology,derived_from_record_metadata
model-brainomni-2025,uses_modality,eeg,derived_from_record_metadata
model-brainomni-2025,uses_modality,meg,derived_from_record_metadata
model-brant-2023,studies_population,general-population,derived_from_record_metadata
model-brant-2023,targets_domain,neural-interface,derived_from_record_metadata
model-brant-2023,targets_domain,neurology,derived_from_record_metadata
model-brant-2023,uses_modality,ieeg,derived_from_record_metadata
model-cardiac-sensing-fm-2026,studies_population,clinical-and-general-populations,derived_from_record_metadata
model-cardiac-sensing-fm-2026,targets_domain,cardiovascular,derived_from_record_metadata
model-cardiac-sensing-fm-2026,uses_modality,ecg,derived_from_record_metadata
model-cardiac-sensing-fm-2026,uses_modality,ppg,derived_from_record_metadata
model-cbramod-2025,studies_population,general-population,derived_from_record_metadata
model-cbramod-2025,targets_domain,brain-computer-interface,derived_from_record_metadata
model-cbramod-2025,targets_domain,neurology,derived_from_record_metadata
model-cbramod-2025,uses_modality,eeg,derived_from_record_metadata
model-chattime-2025,studies_population,general-population,derived_from_record_metadata
model-chattime-2025,targets_domain,forecasting,derived_from_record_metadata
model-chattime-2025,targets_domain,sensor-language,derived_from_record_metadata
model-chattime-2025,uses_modality,text,derived_from_record_metadata
model-chattime-2025,uses_modality,time-series,derived_from_record_metadata
model-chronos-2024,studies_population,general-population,derived_from_record_metadata
model-chronos-2024,targets_domain,forecasting,derived_from_record_metadata
model-chronos-2024,uses_modality,time-series,derived_from_record_metadata
model-clocs-2021,studies_population,general-population,derived_from_record_metadata
model-clocs-2021,targets_domain,cardiovascular,derived_from_record_metadata
model-clocs-2021,uses_modality,ecg,derived_from_record_metadata
model-collossl-2022,studies_population,clinical-and-general-populations,derived_from_record_metadata
model-collossl-2022,targets_domain,human-activity,derived_from_record_metadata
model-collossl-2022,uses_body_location,wearable-multiple,derived_from_record_metadata
model-collossl-2022,uses_modality,accelerometer,derived_from_record_metadata
model-collossl-2022,uses_modality,imu,derived_from_record_metadata
model-crosshar-2024,studies_population,clinical-and-general-populations,derived_from_record_metadata
model-crosshar-2024,targets_domain,human-activity,derived_from_record_metadata
model-crosshar-2024,uses_body_location,wearable-multiple,derived_from_record_metadata
model-crosshar-2024,uses_modality,accelerometer,derived_from_record_metadata
model-crosshar-2024,uses_modality,imu,derived_from_record_metadata
model-d-beta-2025,studies_population,general-population,derived_from_record_metadata
model-d-beta-2025,targets_domain,cardiovascular,derived_from_record_metadata
model-d-beta-2025,uses_modality,ecg,derived_from_record_metadata
model-d-beta-2025,uses_modality,text,derived_from_record_metadata
model-digital-stethoscope-fm-2024,studies_population,general-population,derived_from_record_metadata
model-digital-stethoscope-fm-2024,targets_domain,cardiovascular,derived_from_record_metadata
model-digital-stethoscope-fm-2024,uses_modality,ecg,derived_from_record_metadata
model-digital-stethoscope-fm-2024,uses_modality,pcg,derived_from_record_metadata
model-ecg-diagnosis-explanation-2024,studies_population,clinical-and-general-populations,derived_from_record_metadata
model-ecg-diagnosis-explanation-2024,targets_domain,cardiovascular,derived_from_record_metadata
model-ecg-diagnosis-explanation-2024,targets_domain,explanation,derived_from_record_metadata
model-ecg-diagnosis-explanation-2024,uses_modality,ecg,derived_from_record_metadata
model-ecg-diagnosis-explanation-2024,uses_modality,text,derived_from_record_metadata
model-ecg-fm-open-2025,studies_population,clinical-and-general-populations,derived_from_record_metadata
model-ecg-fm-open-2025,targets_domain,cardiovascular,derived_from_record_metadata
model-ecg-fm-open-2025,uses_modality,ecg,derived_from_record_metadata
model-ecgfounder-2025,studies_population,clinical-and-general-populations,derived_from_record_metadata
model-ecgfounder-2025,targets_domain,cardiovascular,derived_from_record_metadata
model-ecgfounder-2025,uses_modality,ecg,derived_from_record_metadata
model-eeg-distiller-2025,studies_population,general-population,derived_from_record_metadata
model-eeg-distiller-2025,targets_domain,neurology,derived_from_record_metadata
model-eeg-distiller-2025,uses_modality,eeg,derived_from_record_metadata
model-eeg-eye-llm-2024,studies_population,general-population,derived_from_record_metadata
model-eeg-eye-llm-2024,targets_domain,cognition,derived_from_record_metadata
model-eeg-eye-llm-2024,targets_domain,reading,derived_from_record_metadata
model-eeg-eye-llm-2024,uses_modality,eeg,derived_from_record_metadata
model-eeg-eye-llm-2024,uses_modality,eye-tracking,derived_from_record_metadata
model-eeg-eye-llm-2024,uses_modality,text,derived_from_record_metadata
model-eeg-language-2025,studies_population,general-population,derived_from_record_metadata
model-eeg-language-2025,targets_domain,clinical-phenotyping,derived_from_record_metadata
model-eeg-language-2025,targets_domain,neurology,derived_from_record_metadata
model-eeg-language-2025,uses_modality,eeg,derived_from_record_metadata
model-eeg-language-2025,uses_modality,text,derived_from_record_metadata
model-eeg-language-alignment-2023,studies_population,general-population,derived_from_record_metadata
model-eeg-language-alignment-2023,targets_domain,cognition,derived_from_record_metadata
model-eeg-language-alignment-2023,targets_domain,sensor-language,derived_from_record_metadata
model-eeg-language-alignment-2023,uses_modality,eeg,derived_from_record_metadata
model-eeg-language-alignment-2023,uses_modality,text,derived_from_record_metadata
model-eeg-to-text-2022,studies_population,general-population,derived_from_record_metadata
model-eeg-to-text-2022,targets_domain,cognition,derived_from_record_metadata
model-eeg-to-text-2022,targets_domain,sentiment,derived_from_record_metadata
model-eeg-to-text-2022,uses_modality,eeg,derived_from_record_metadata
model-eeg-to-text-2022,uses_modality,text,derived_from_record_metadata
model-esi-2024,studies_population,general-population,derived_from_record_metadata
model-esi-2024,targets_domain,cardiovascular,derived_from_record_metadata
model-esi-2024,targets_domain,semantic-alignment,derived_from_record_metadata
model-esi-2024,uses_modality,ecg,derived_from_record_metadata
model-esi-2024,uses_modality,text,derived_from_record_metadata
model-frozen-lm-ecg-2024,studies_population,general-population,derived_from_record_metadata
model-frozen-lm-ecg-2024,targets_domain,cardiovascular,derived_from_record_metadata
model-frozen-lm-ecg-2024,targets_domain,zero-shot,derived_from_record_metadata
model-frozen-lm-ecg-2024,uses_modality,ecg,derived_from_record_metadata
model-frozen-lm-ecg-2024,uses_modality,text,derived_from_record_metadata
model-full-body-haptic-network-2025,studies_population,clinical-and-general-populations,derived_from_record_metadata
model-full-body-haptic-network-2025,targets_domain,extended-reality,derived_from_record_metadata
model-full-body-haptic-network-2025,targets_domain,human-machine-interaction,derived_from_record_metadata
model-full-body-haptic-network-2025,targets_domain,rehabilitation,derived_from_record_metadata
model-full-body-haptic-network-2025,uses_body_location,full-body,derived_from_record_metadata
model-full-body-haptic-network-2025,uses_modality,haptics,derived_from_record_metadata
model-full-body-haptic-network-2025,uses_modality,motion-sensors,derived_from_record_metadata
model-generic-neuromotor-interface-2025,studies_population,clinical-and-general-populations,derived_from_record_metadata
model-generic-neuromotor-interface-2025,targets_domain,human-computer-interaction,derived_from_record_metadata
model-generic-neuromotor-interface-2025,targets_domain,neuromuscular,derived_from_record_metadata
model-generic-neuromotor-interface-2025,uses_modality,emg,derived_from_record_metadata
model-geometry-aware-eeg-2023,studies_population,general-population,derived_from_record_metadata
model-geometry-aware-eeg-2023,targets_domain,neurology,derived_from_record_metadata
model-geometry-aware-eeg-2023,uses_modality,eeg,derived_from_record_metadata
model-glucofm-2026,studies_population,general-population,derived_from_record_metadata
model-glucofm-2026,targets_domain,diabetes,derived_from_record_metadata
model-glucofm-2026,targets_domain,metabolic,derived_from_record_metadata
model-glucofm-2026,uses_modality,cgm,derived_from_record_metadata
model-glucofm-2026,uses_modality,glucose,derived_from_record_metadata
model-gluformer-2026,studies_population,clinical-and-general-populations,derived_from_record_metadata
model-gluformer-2026,targets_domain,diabetes,derived_from_record_metadata
model-gluformer-2026,targets_domain,metabolic,derived_from_record_metadata
model-gluformer-2026,uses_modality,cgm,derived_from_record_metadata
model-gluformer-2026,uses_modality,glucose,derived_from_record_metadata
model-goat-har-2024,studies_population,clinical-and-general-populations,derived_from_record_metadata
model-goat-har-2024,targets_domain,human-activity,derived_from_record_metadata
model-goat-har-2024,uses_body_location,wearable-multiple,derived_from_record_metadata
model-goat-har-2024,uses_modality,accelerometer,derived_from_record_metadata
model-goat-har-2024,uses_modality,imu,derived_from_record_metadata
model-gtt-2024,studies_population,general-population,derived_from_record_metadata
model-gtt-2024,targets_domain,classification,derived_from_record_metadata
model-gtt-2024,targets_domain,forecasting,derived_from_record_metadata
model-gtt-2024,targets_domain,imputation,derived_from_record_metadata
model-gtt-2024,uses_modality,time-series,derived_from_record_metadata
model-h-tuning-2025,studies_population,general-population,derived_from_record_metadata
model-h-tuning-2025,targets_domain,cardiovascular,derived_from_record_metadata
model-h-tuning-2025,uses_modality,ecg,derived_from_record_metadata
model-health-llm-2024,studies_population,general-population,derived_from_record_metadata
model-health-llm-2024,targets_domain,health-prediction,derived_from_record_metadata
model-health-llm-2024,uses_modality,activity-summary,derived_from_record_metadata
model-health-llm-2024,uses_modality,heart-rate,derived_from_record_metadata
model-health-llm-2024,uses_modality,sleep,derived_from_record_metadata
model-health-llm-2024,uses_modality,text,derived_from_record_metadata
model-hear-2024,studies_population,general-population,derived_from_record_metadata
model-hear-2024,targets_domain,infectious-disease,derived_from_record_metadata
model-hear-2024,targets_domain,respiratory,derived_from_record_metadata
model-hear-2024,uses_modality,cough-audio,derived_from_record_metadata
model-hear-2024,uses_modality,health-audio,derived_from_record_metadata
model-hear-2024,uses_modality,respiratory-audio,derived_from_record_metadata
model-heartbeit-2023,studies_population,clinical-and-general-populations,derived_from_record_metadata
model-heartbeit-2023,targets_domain,cardiovascular,derived_from_record_metadata
model-heartbeit-2023,uses_modality,ecg-image,derived_from_record_metadata
model-heartlang-2025,studies_population,general-population,derived_from_record_metadata
model-heartlang-2025,targets_domain,cardiovascular,derived_from_record_metadata
model-heartlang-2025,uses_modality,ecg,derived_from_record_metadata
model-holollm-2025,studies_population,general-population,derived_from_record_metadata
model-holollm-2025,targets_domain,human-sensing,derived_from_record_metadata
model-holollm-2025,targets_domain,smart-home,derived_from_record_metadata
model-holollm-2025,uses_modality,infrared,derived_from_record_metadata
model-holollm-2025,uses_modality,lidar,derived_from_record_metadata
model-holollm-2025,uses_modality,mmwave-radar,derived_from_record_metadata
model-holollm-2025,uses_modality,text,derived_from_record_metadata
model-holollm-2025,uses_modality,wifi,derived_from_record_metadata
model-hybrid-emg-eeg-rehab-2025,studies_population,clinical-and-general-populations,derived_from_record_metadata
model-hybrid-emg-eeg-rehab-2025,targets_domain,human-robot-interaction,derived_from_record_metadata
model-hybrid-emg-eeg-rehab-2025,targets_domain,neuromuscular,derived_from_record_metadata
model-hybrid-emg-eeg-rehab-2025,targets_domain,rehabilitation,derived_from_record_metadata
model-hybrid-emg-eeg-rehab-2025,uses_body_location,scalp,derived_from_record_metadata
model-hybrid-emg-eeg-rehab-2025,uses_body_location,upper-limb,derived_from_record_metadata
model-hybrid-emg-eeg-rehab-2025,uses_modality,eeg,derived_from_record_metadata
model-hybrid-emg-eeg-rehab-2025,uses_modality,emg,derived_from_record_metadata
model-imugpt2-2023,studies_population,general-population,derived_from_record_metadata
model-imugpt2-2023,targets_domain,human-activity,derived_from_record_metadata
model-imugpt2-2023,targets_domain,synthetic-data,derived_from_record_metadata
model-imugpt2-2023,uses_modality,imu,derived_from_record_metadata
model-imugpt2-2023,uses_modality,text,derived_from_record_metadata
model-imuzero-2025,studies_population,general-population,derived_from_record_metadata
model-imuzero-2025,targets_domain,human-activity-recognition,derived_from_record_metadata
model-imuzero-2025,uses_modality,imu,derived_from_record_metadata
model-imuzero-2025,uses_modality,text,derived_from_record_metadata
model-insulin-resistance-wearables-2026,studies_population,clinical-and-general-populations,derived_from_record_metadata
model-insulin-resistance-wearables-2026,targets_domain,diabetes,derived_from_record_metadata
model-insulin-resistance-wearables-2026,targets_domain,metabolic,derived_from_record_metadata
model-insulin-resistance-wearables-2026,uses_modality,blood-biomarkers,derived_from_record_metadata
model-insulin-resistance-wearables-2026,uses_modality,wearable-summary,derived_from_record_metadata
model-labram-2024,studies_population,general-population,derived_from_record_metadata
model-labram-2024,targets_domain,brain-computer-interface,derived_from_record_metadata
model-labram-2024,targets_domain,neurology,derived_from_record_metadata
model-labram-2024,uses_modality,eeg,derived_from_record_metadata
model-lanhar-2025,studies_population,general-population,derived_from_record_metadata
model-lanhar-2025,targets_domain,human-activity-recognition,derived_from_record_metadata
model-lanhar-2025,uses_modality,imu,derived_from_record_metadata
model-lanhar-2025,uses_modality,text,derived_from_record_metadata
model-large-scale-wearable-biosignals-2024,studies_population,general-population,derived_from_record_metadata
model-large-scale-wearable-biosignals-2024,targets_domain,cardiovascular,derived_from_record_metadata
model-large-scale-wearable-biosignals-2024,uses_modality,ecg,derived_from_record_metadata
model-large-scale-wearable-biosignals-2024,uses_modality,ppg,derived_from_record_metadata
model-llm4har-2025,studies_population,general-population,derived_from_record_metadata
model-llm4har-2025,targets_domain,edge-ai,derived_from_record_metadata
model-llm4har-2025,targets_domain,human-activity-recognition,derived_from_record_metadata
model-llm4har-2025,uses_modality,imu,derived_from_record_metadata
model-luna-eeg-2025,studies_population,general-population,derived_from_record_metadata
model-luna-eeg-2025,targets_domain,brain-computer-interface,derived_from_record_metadata
model-luna-eeg-2025,targets_domain,neurology,derived_from_record_metadata
model-luna-eeg-2025,uses_modality,eeg,derived_from_record_metadata
model-melp-2025,studies_population,general-population,derived_from_record_metadata
model-melp-2025,targets_domain,cardiovascular,derived_from_record_metadata
model-melp-2025,targets_domain,report-language,derived_from_record_metadata
model-melp-2025,uses_modality,ecg,derived_from_record_metadata
model-melp-2025,uses_modality,text,derived_from_record_metadata
model-merl-ecg-2024,studies_population,general-population,derived_from_record_metadata
model-merl-ecg-2024,targets_domain,cardiovascular,derived_from_record_metadata
model-merl-ecg-2024,targets_domain,zero-shot,derived_from_record_metadata
model-merl-ecg-2024,uses_modality,ecg,derived_from_record_metadata
model-merl-ecg-2024,uses_modality,text,derived_from_record_metadata
model-mira-medical-ts-2025,studies_population,general-population,derived_from_record_metadata
model-mira-medical-ts-2025,targets_domain,clinical-forecasting,derived_from_record_metadata
model-mira-medical-ts-2025,uses_modality,medical-time-series,derived_from_record_metadata
model-moirai-2024,studies_population,general-population,derived_from_record_metadata
model-moirai-2024,targets_domain,forecasting,derived_from_record_metadata
model-moirai-2024,uses_modality,time-series,derived_from_record_metadata
model-moment-2024,studies_population,general-population,derived_from_record_metadata
model-moment-2024,targets_domain,anomaly-detection,derived_from_record_metadata
model-moment-2024,targets_domain,classification,derived_from_record_metadata
model-moment-2024,targets_domain,forecasting,derived_from_record_metadata
model-moment-2024,targets_domain,imputation,derived_from_record_metadata
model-moment-2024,uses_modality,time-series,derived_from_record_metadata
model-mopformer-2025,studies_population,general-population,derived_from_record_metadata
model-mopformer-2025,targets_domain,human-activity-recognition,derived_from_record_metadata
model-mopformer-2025,uses_body_location,multi-position,derived_from_record_metadata
model-mopformer-2025,uses_modality,accelerometer,derived_from_record_metadata
model-mopformer-2025,uses_modality,gyroscope,derived_from_record_metadata
model-mopformer-2025,uses_modality,imu,derived_from_record_metadata
model-neuript-2025,studies_population,general-population,derived_from_record_metadata
model-neuript-2025,targets_domain,neural-interface,derived_from_record_metadata
model-neuript-2025,uses_modality,eeg,derived_from_record_metadata
model-neuript-2025,uses_modality,neural-signals,derived_from_record_metadata
model-neurogpt-2024,studies_population,general-population,derived_from_record_metadata
model-neurogpt-2024,targets_domain,neurology,derived_from_record_metadata
model-neurogpt-2024,uses_modality,eeg,derived_from_record_metadata
model-neurolm-2025,studies_population,general-population,derived_from_record_metadata
model-neurolm-2025,targets_domain,neurology,derived_from_record_metadata
model-neurolm-2025,targets_domain,sensor-language,derived_from_record_metadata
model-neurolm-2025,uses_modality,eeg,derived_from_record_metadata
model-neurolm-2025,uses_modality,text,derived_from_record_metadata
model-normwear-2026,studies_population,general-population,derived_from_record_metadata
model-normwear-2026,targets_domain,general-health,derived_from_record_metadata
model-normwear-2026,uses_modality,ecg,derived_from_record_metadata
model-normwear-2026,uses_modality,eda,derived_from_record_metadata
model-normwear-2026,uses_modality,eeg,derived_from_record_metadata
model-normwear-2026,uses_modality,emg,derived_from_record_metadata
model-normwear-2026,uses_modality,imu,derived_from_record_metadata
model-normwear-2026,uses_modality,ppg,derived_from_record_metadata
model-one-fits-all-2023,studies_population,general-population,derived_from_record_metadata
model-one-fits-all-2023,targets_domain,classification,derived_from_record_metadata
model-one-fits-all-2023,targets_domain,forecasting,derived_from_record_metadata
model-one-fits-all-2023,uses_modality,text,derived_from_record_metadata
model-one-fits-all-2023,uses_modality,time-series,derived_from_record_metadata
model-onehar-2025,studies_population,general-population,derived_from_record_metadata
model-onehar-2025,targets_domain,human-activity-recognition,derived_from_record_metadata
model-onehar-2025,uses_modality,imu,derived_from_record_metadata
model-onehar-2025,uses_modality,text,derived_from_record_metadata
model-opera-2024,studies_population,general-population,derived_from_record_metadata
model-opera-2024,targets_domain,respiratory,derived_from_record_metadata
model-opera-2024,uses_modality,cough-audio,derived_from_record_metadata
model-opera-2024,uses_modality,respiratory-audio,derived_from_record_metadata
model-papagei-2025,studies_population,general-population,derived_from_record_metadata
model-papagei-2025,targets_domain,cardiovascular,derived_from_record_metadata
model-papagei-2025,targets_domain,respiratory,derived_from_record_metadata
model-papagei-2025,uses_modality,ppg,derived_from_record_metadata
model-patchtst-2023,studies_population,general-population,derived_from_record_metadata
model-patchtst-2023,targets_domain,forecasting,derived_from_record_metadata
model-patchtst-2023,targets_domain,representation-learning,derived_from_record_metadata
model-patchtst-2023,uses_modality,time-series,derived_from_record_metadata
model-personal-health-insights-agent-2026,studies_population,general-population,derived_from_record_metadata
model-personal-health-insights-agent-2026,targets_domain,personal-health,derived_from_record_metadata
model-personal-health-insights-agent-2026,uses_modality,activity-summary,derived_from_record_metadata
model-personal-health-insights-agent-2026,uses_modality,heart-rate,derived_from_record_metadata
model-personal-health-insights-agent-2026,uses_modality,sleep,derived_from_record_metadata
model-personal-health-insights-agent-2026,uses_modality,text,derived_from_record_metadata
model-personalized-physio-adaptation-2025,studies_population,general-population,derived_from_record_metadata
model-personalized-physio-adaptation-2025,targets_domain,personalization,derived_from_record_metadata
model-personalized-physio-adaptation-2025,uses_modality,physiological-signals,derived_from_record_metadata
model-ph-llm-2025,studies_population,clinical-and-general-populations,derived_from_record_metadata
model-ph-llm-2025,targets_domain,fitness,derived_from_record_metadata
model-ph-llm-2025,targets_domain,personal-health,derived_from_record_metadata
model-ph-llm-2025,targets_domain,sleep,derived_from_record_metadata
model-ph-llm-2025,uses_modality,activity-summary,derived_from_record_metadata
model-ph-llm-2025,uses_modality,heart-rate,derived_from_record_metadata
model-ph-llm-2025,uses_modality,sleep,derived_from_record_metadata
model-ph-llm-2025,uses_modality,text,derived_from_record_metadata
model-physiojepa-2026,studies_population,icu-patients,derived_from_record_metadata
model-physiojepa-2026,targets_domain,critical-care,derived_from_record_metadata
model-physiojepa-2026,uses_body_location,clinical-monitoring,derived_from_record_metadata
model-physiojepa-2026,uses_modality,arterial-blood-pressure,derived_from_record_metadata
model-physiojepa-2026,uses_modality,ecg,derived_from_record_metadata
model-physiojepa-2026,uses_modality,ppg,derived_from_record_metadata
model-physiowave-2025,studies_population,general-population,derived_from_record_metadata
model-physiowave-2025,targets_domain,cardiovascular,derived_from_record_metadata
model-physiowave-2025,targets_domain,neuromuscular,derived_from_record_metadata
model-physiowave-2025,uses_modality,ecg,derived_from_record_metadata
model-physiowave-2025,uses_modality,emg,derived_from_record_metadata
model-pulse-ppg-2025,studies_population,general-population,derived_from_record_metadata
model-pulse-ppg-2025,targets_domain,cardiovascular,derived_from_record_metadata
model-pulse-ppg-2025,targets_domain,field-sensing,derived_from_record_metadata
model-pulse-ppg-2025,uses_modality,ppg,derived_from_record_metadata
model-qoq-med-2025,studies_population,general-population,derived_from_record_metadata
model-qoq-med-2025,targets_domain,clinical-reasoning,derived_from_record_metadata
model-qoq-med-2025,uses_modality,medical-images,derived_from_record_metadata
model-qoq-med-2025,uses_modality,medical-time-series,derived_from_record_metadata
model-qoq-med-2025,uses_modality,text,derived_from_record_metadata
model-relcon-2025,studies_population,general-population,derived_from_record_metadata
model-relcon-2025,targets_domain,human-activity,derived_from_record_metadata
model-relcon-2025,uses_modality,accelerometer,derived_from_record_metadata
model-relcon-2025,uses_modality,imu,derived_from_record_metadata
model-reve-2025,studies_population,eeg-study-participants,derived_from_record_metadata
model-reve-2025,targets_domain,brain-computer-interface,derived_from_record_metadata
model-reve-2025,targets_domain,neurology,derived_from_record_metadata
model-reve-2025,targets_domain,sleep,derived_from_record_metadata
model-reve-2025,uses_body_location,scalp,derived_from_record_metadata
model-reve-2025,uses_modality,eeg,derived_from_record_metadata
model-scaling-wearable-foundation-models-2024,studies_population,general-population,derived_from_record_metadata
model-scaling-wearable-foundation-models-2024,targets_domain,general-health,derived_from_record_metadata
model-scaling-wearable-foundation-models-2024,uses_modality,accelerometer,derived_from_record_metadata
model-scaling-wearable-foundation-models-2024,uses_modality,barometer,derived_from_record_metadata
model-scaling-wearable-foundation-models-2024,uses_modality,eda,derived_from_record_metadata
model-scaling-wearable-foundation-models-2024,uses_modality,heart-rate,derived_from_record_metadata
model-scaling-wearable-foundation-models-2024,uses_modality,heart-rate-variability,derived_from_record_metadata
model-scaling-wearable-foundation-models-2024,uses_modality,skin-temperature,derived_from_record_metadata
model-selfpab-2024,studies_population,general-population,derived_from_record_metadata
model-selfpab-2024,targets_domain,human-activity,derived_from_record_metadata
model-selfpab-2024,uses_modality,accelerometer,derived_from_record_metadata
model-sempo-2025,studies_population,general-population,derived_from_record_metadata
model-sempo-2025,targets_domain,forecasting,derived_from_record_metadata
model-sempo-2025,uses_modality,time-series,derived_from_record_metadata
model-senflow-2026,studies_population,general-population,derived_from_record_metadata
model-senflow-2026,targets_domain,human-activity-recognition,derived_from_record_metadata
model-senflow-2026,uses_modality,imu,derived_from_record_metadata
model-senflow-2026,uses_modality,wearable-sensors,derived_from_record_metadata
model-sensor2text-2024,studies_population,general-population,derived_from_record_metadata
model-sensor2text-2024,targets_domain,human-activity,derived_from_record_metadata
model-sensor2text-2024,targets_domain,human-computer-interaction,derived_from_record_metadata
model-sensor2text-2024,uses_modality,imu,derived_from_record_metadata
model-sensor2text-2024,uses_modality,text,derived_from_record_metadata
model-sensorfm-2026,extends_lineage_of,model-scaling-wearable-foundation-models-2024,official-project-lineage
model-sensorfm-2026,studies_population,general-population,derived_from_record_metadata
model-sensorfm-2026,targets_domain,cardiovascular,derived_from_record_metadata
model-sensorfm-2026,targets_domain,mental-health,derived_from_record_metadata
model-sensorfm-2026,targets_domain,metabolic,derived_from_record_metadata
model-sensorfm-2026,targets_domain,sleep,derived_from_record_metadata
model-sensorfm-2026,uses_modality,accelerometer,derived_from_record_metadata
model-sensorfm-2026,uses_modality,barometer,derived_from_record_metadata
model-sensorfm-2026,uses_modality,eda,derived_from_record_metadata
model-sensorfm-2026,uses_modality,ppg,derived_from_record_metadata
model-sensorfm-2026,uses_modality,skin-temperature,derived_from_record_metadata
model-sensorlm-2025,studies_population,general-population,derived_from_record_metadata
model-sensorlm-2025,targets_domain,human-activity,derived_from_record_metadata
model-sensorlm-2025,targets_domain,sensor-language,derived_from_record_metadata
model-sensorlm-2025,uses_modality,imu,derived_from_record_metadata
model-sensorlm-2025,uses_modality,text,derived_from_record_metadata
model-sensorlm-2025,uses_modality,wearable-sensors,derived_from_record_metadata
model-siamquality-2024,studies_population,general-population,derived_from_record_metadata
model-siamquality-2024,targets_domain,cardiovascular,derived_from_record_metadata
model-siamquality-2024,targets_domain,signal-quality,derived_from_record_metadata
model-siamquality-2024,uses_modality,ppg,derived_from_record_metadata
model-sing-wearables-2025,studies_population,general-population,derived_from_record_metadata
model-sing-wearables-2025,targets_domain,accessibility,derived_from_record_metadata
model-sing-wearables-2025,targets_domain,augmented-reality,derived_from_record_metadata
model-sing-wearables-2025,uses_body_location,head-worn,derived_from_record_metadata
model-sing-wearables-2025,uses_modality,audio,derived_from_record_metadata
model-sing-wearables-2025,uses_modality,spatial-acoustics,derived_from_record_metadata
model-sing-wearables-2025,uses_modality,text,derived_from_record_metadata
model-sleepfm-clinical-2026,studies_population,clinical-and-general-populations,derived_from_record_metadata
model-sleepfm-clinical-2026,targets_domain,disease-risk,derived_from_record_metadata
model-sleepfm-clinical-2026,targets_domain,sleep,derived_from_record_metadata
model-sleepfm-clinical-2026,uses_modality,ecg,derived_from_record_metadata
model-sleepfm-clinical-2026,uses_modality,eeg,derived_from_record_metadata
model-sleepfm-clinical-2026,uses_modality,emg,derived_from_record_metadata
model-sleepfm-clinical-2026,uses_modality,eog,derived_from_record_metadata
model-sleepfm-clinical-2026,uses_modality,respiration,derived_from_record_metadata
model-sleepfm-clinical-2026,uses_resource_family,dataset-sleep-heart-health-study,publication-dataset-family-link
model-sleepfm-icml-2024,studies_population,clinical-and-general-populations,derived_from_record_metadata
model-sleepfm-icml-2024,targets_domain,sleep,derived_from_record_metadata
model-sleepfm-icml-2024,targets_domain,sleep-disordered-breathing,derived_from_record_metadata
model-sleepfm-icml-2024,uses_body_location,polysomnography,derived_from_record_metadata
model-sleepfm-icml-2024,uses_modality,ecg,derived_from_record_metadata
model-sleepfm-icml-2024,uses_modality,eeg,derived_from_record_metadata
model-sleepfm-icml-2024,uses_modality,emg,derived_from_record_metadata
model-sleepfm-icml-2024,uses_modality,eog,derived_from_record_metadata
model-sleepfm-icml-2024,uses_modality,respiration,derived_from_record_metadata
model-sleepgpt-2026,studies_population,general-population,derived_from_record_metadata
model-sleepgpt-2026,targets_domain,neurology,derived_from_record_metadata
model-sleepgpt-2026,targets_domain,sleep,derived_from_record_metadata
model-sleepgpt-2026,uses_modality,eeg,derived_from_record_metadata
model-sleepgpt-2026,uses_modality,emg,derived_from_record_metadata
model-sleepgpt-2026,uses_modality,eog,derived_from_record_metadata
model-ssl-wearables-700k-days-2024,studies_population,clinical-and-general-populations,derived_from_record_metadata
model-ssl-wearables-700k-days-2024,targets_domain,human-activity,derived_from_record_metadata
model-ssl-wearables-700k-days-2024,targets_domain,population-health,derived_from_record_metadata
model-ssl-wearables-700k-days-2024,uses_modality,accelerometer,derived_from_record_metadata
model-test-2024,studies_population,general-population,derived_from_record_metadata
model-test-2024,targets_domain,classification,derived_from_record_metadata
model-test-2024,targets_domain,forecasting,derived_from_record_metadata
model-test-2024,uses_modality,text,derived_from_record_metadata
model-test-2024,uses_modality,time-series,derived_from_record_metadata
model-time-ffm-2024,studies_population,general-population,derived_from_record_metadata
model-time-ffm-2024,targets_domain,federated-learning,derived_from_record_metadata
model-time-ffm-2024,targets_domain,forecasting,derived_from_record_metadata
model-time-ffm-2024,uses_modality,time-series,derived_from_record_metadata
model-time-llm-2024,studies_population,general-population,derived_from_record_metadata
model-time-llm-2024,targets_domain,forecasting,derived_from_record_metadata
model-time-llm-2024,uses_modality,text,derived_from_record_metadata
model-time-llm-2024,uses_modality,time-series,derived_from_record_metadata
model-time-moe-2025,studies_population,general-population,derived_from_record_metadata
model-time-moe-2025,targets_domain,forecasting,derived_from_record_metadata
model-time-moe-2025,uses_modality,time-series,derived_from_record_metadata
model-timepfn-2025,studies_population,general-population,derived_from_record_metadata
model-timepfn-2025,targets_domain,forecasting,derived_from_record_metadata
model-timepfn-2025,targets_domain,synthetic-data,derived_from_record_metadata
model-timepfn-2025,uses_modality,time-series,derived_from_record_metadata
model-timer-2024,studies_population,general-population,derived_from_record_metadata
model-timer-2024,targets_domain,anomaly-detection,derived_from_record_metadata
model-timer-2024,targets_domain,forecasting,derived_from_record_metadata
model-timer-2024,targets_domain,imputation,derived_from_record_metadata
model-timer-2024,uses_modality,time-series,derived_from_record_metadata
model-timer-xl-2025,studies_population,general-population,derived_from_record_metadata
model-timer-xl-2025,targets_domain,forecasting,derived_from_record_metadata
model-timer-xl-2025,uses_modality,time-series,derived_from_record_metadata
model-timesfm-2024,studies_population,general-population,derived_from_record_metadata
model-timesfm-2024,targets_domain,forecasting,derived_from_record_metadata
model-timesfm-2024,uses_modality,time-series,derived_from_record_metadata
model-timesfm3-2026,studies_population,general-population,derived_from_record_metadata
model-timesfm3-2026,targets_domain,forecasting,derived_from_record_metadata
model-timesfm3-2026,uses_modality,multivariate-time-series,derived_from_record_metadata
model-tnc-2021,studies_population,general-population,derived_from_record_metadata
model-tnc-2021,targets_domain,representation-learning,derived_from_record_metadata
model-tnc-2021,uses_modality,time-series,derived_from_record_metadata
model-ts2vec-2022,studies_population,general-population,derived_from_record_metadata
model-ts2vec-2022,targets_domain,representation-learning,derived_from_record_metadata
model-ts2vec-2022,uses_modality,time-series,derived_from_record_metadata
model-ttm-2024,studies_population,general-population,derived_from_record_metadata
model-ttm-2024,targets_domain,edge-ai,derived_from_record_metadata
model-ttm-2024,targets_domain,forecasting,derived_from_record_metadata
model-ttm-2024,uses_modality,time-series,derived_from_record_metadata
model-unimts-2024,studies_population,general-population,derived_from_record_metadata
model-unimts-2024,targets_domain,human-activity-recognition,derived_from_record_metadata
model-unimts-2024,uses_body_location,multi-position,derived_from_record_metadata
model-unimts-2024,uses_modality,accelerometer,derived_from_record_metadata
model-unimts-2024,uses_modality,gyroscope,derived_from_record_metadata
model-unimts-2024,uses_modality,imu,derived_from_record_metadata
model-units-2024,studies_population,general-population,derived_from_record_metadata
model-units-2024,targets_domain,anomaly-detection,derived_from_record_metadata
model-units-2024,targets_domain,classification,derived_from_record_metadata
model-units-2024,targets_domain,forecasting,derived_from_record_metadata
model-units-2024,targets_domain,imputation,derived_from_record_metadata
model-units-2024,uses_modality,time-series,derived_from_record_metadata
model-watchsleepnet-2025,studies_population,clinical-and-general-populations,derived_from_record_metadata
model-watchsleepnet-2025,targets_domain,sleep,derived_from_record_metadata
model-watchsleepnet-2025,targets_domain,sleep-staging,derived_from_record_metadata
model-watchsleepnet-2025,uses_body_location,wrist,derived_from_record_metadata
model-watchsleepnet-2025,uses_modality,accelerometer,derived_from_record_metadata
model-watchsleepnet-2025,uses_modality,heart-rate,derived_from_record_metadata
model-watchsleepnet-2025,uses_modality,ppg,derived_from_record_metadata
model-wearable-optomyography-2026,studies_population,clinical-and-general-populations,derived_from_record_metadata
model-wearable-optomyography-2026,targets_domain,human-machine-interface,derived_from_record_metadata
model-wearable-optomyography-2026,targets_domain,neuroprosthetics,derived_from_record_metadata
model-wearable-optomyography-2026,uses_body_location,forearm,derived_from_record_metadata
model-wearable-optomyography-2026,uses_modality,optomyography,derived_from_record_metadata
