local_id,record_id,imported_from,imported_on,metadata
uci-har,dataset-uci-har,local-v1.2.0,2026-09-28,"{""accelerometer"": true, ""access_type"": ""open"", ""acquisition_frequency_hz"": ""unknown"", ""activity_labels"": true, ""added_on"": ""2026-09-28"", ""age_range"": ""19–48"", ""annotated_hours"": ""unknown"", ""body_location"": [""waist""], ""canonical_name"": ""UCI HAR (windowed edition)"", ""clinical_outcomes"": ""unknown"", ""controlled_access"": false, ""country"": ""unknown"", ""curation_level"": ""metadata_checked"", ""data_size"": ""unknown"", ""dataset_name"": ""UCI HAR (windowed edition)"", ""device"": ""Samsung Galaxy S II"", ""device_type"": ""smartphone"", ""disease_labels"": ""unknown"", ""domain"": [""har""], ""ecg"": ""unknown"", ""eda"": ""unknown"", ""ehr_linkage"": ""unknown"", ""field_sources"": {""accelerometer"": [""s-uci-har""], ""access_type"": [""s-uci-har""], ""activity_labels"": [""s-uci-har""], ""age_range"": [""s-uci-har""], ""body_location"": [""s-uci-har""], ""canonical_name"": [""s-uci-har""], ""controlled_access"": [""s-uci-har""], ""dataset_name"": [""s-uci-har""], ""device"": [""s-uci-har""], ""device_type"": [""s-uci-har""], ""free_living_or_lab"": [""s-uci-har""], ""gyroscope"": [""s-uci-har""], ""label_types"": [""s-uci-har""], ""labels_available"": [""s-uci-har""], ""last_verified"": [""s-uci-har""], ""license"": [""s-uci-har""], ""n_participants"": [""s-uci-har""], ""raw_accelerometer_available"": [""s-uci-har""], ""raw_data_available"": [""s-uci-har""], ""release_id"": [""s-uci-har""], ""sample_scope"": [""s-uci-har""], ""sampling_frequency_hz"": [""s-uci-har""], ""sensor_modalities"": [""s-uci-har""], ""signal_level"": [""s-uci-har""], ""url"": [""s-uci-har""], ""year"": [""s-uci-har""]}, ""free_living_or_lab"": ""lab"", ""genomics"": ""unknown"", ""gps"": ""unknown"", ""gyroscope"": true, ""health_outcomes"": ""unknown"", ""id"": ""uci-har"", ""label_types"": [""activity""], ""labels_available"": true, ""last_verified"": ""2026-09-28"", ""license"": ""CC-BY-4.0"", ""local_kind"": ""datasets"", ""longitudinal"": ""unknown"", ""mortality"": ""unknown"", ""n_participants"": 30, ""notes"": ""Windowed inertial signals are available, but not original continuous raw recordings. HAPT is the related raw-signal release. Not a wrist benchmark."", ""paper"": ""unknown"", ""population"": ""unknown"", ""ppg"": ""unknown"", ""raw_accelerometer_available"": false, ""raw_data_available"": false, ""recording_duration"": ""unknown"", ""related_ids"": [], ""release_id"": ""UCI 240"", ""sample_scope"": ""Source-reported participants in this named release; not recordings, windows or devices."", ""sampling_frequency_hz"": {""accelerometer"": 50, ""gyroscope"": 50}, ""scope_tier"": ""core"", ""sensor_modalities"": [""accelerometer"", ""gyroscope""], ""signal_level"": ""preprocessed_windowed"", ""sleep_labels"": ""unknown"", ""source_ids"": [""s-uci-har""], ""spo2"": ""unknown"", ""status"": ""unknown"", ""task_types"": [""har""], ""temperature"": ""unknown"", ""total_hours"": ""unknown"", ""url"": ""https://archive.ics.uci.edu/dataset/240/human+activity+recognition+using+smartphones"", ""year"": 2013}"
hapt,dataset-hapt,local-v1.2.0,2026-09-28,"{""accelerometer"": true, ""access_type"": ""open"", ""acquisition_frequency_hz"": ""unknown"", ""activity_labels"": true, ""added_on"": ""2026-09-28"", ""age_range"": ""19–48"", ""annotated_hours"": ""unknown"", ""body_location"": [""waist""], ""canonical_name"": ""HAPT"", ""clinical_outcomes"": ""unknown"", ""controlled_access"": false, ""country"": ""unknown"", ""curation_level"": ""metadata_checked"", ""data_size"": ""unknown"", ""dataset_name"": ""HAPT"", ""device"": ""Samsung Galaxy S II"", ""device_type"": ""smartphone"", ""disease_labels"": ""unknown"", ""domain"": [""har""], ""ecg"": ""unknown"", ""eda"": ""unknown"", ""ehr_linkage"": ""unknown"", ""field_sources"": {""accelerometer"": [""s-hapt""], ""access_type"": [""s-hapt""], ""activity_labels"": [""s-hapt""], ""age_range"": [""s-hapt""], ""body_location"": [""s-hapt""], ""canonical_name"": [""s-hapt""], ""controlled_access"": [""s-hapt""], ""dataset_name"": [""s-hapt""], ""device"": [""s-hapt""], ""device_type"": [""s-hapt""], ""free_living_or_lab"": [""s-hapt""], ""gyroscope"": [""s-hapt""], ""label_types"": [""s-hapt""], ""labels_available"": [""s-hapt""], ""last_verified"": [""s-hapt""], ""n_participants"": [""s-hapt""], ""raw_accelerometer_available"": [""s-hapt""], ""raw_data_available"": [""s-hapt""], ""sample_scope"": [""s-hapt""], ""sampling_frequency_hz"": [""s-hapt""], ""sensor_modalities"": [""s-hapt""], ""signal_level"": [""s-hapt""], ""url"": [""s-hapt""], ""year"": [""s-hapt""]}, ""free_living_or_lab"": ""lab"", ""genomics"": ""unknown"", ""gps"": ""unknown"", ""gyroscope"": true, ""health_outcomes"": ""unknown"", ""id"": ""hapt"", ""label_types"": [""activity"", ""postural_transition""], ""labels_available"": true, ""last_verified"": ""2026-09-28"", ""license"": ""unknown"", ""local_kind"": ""datasets"", ""longitudinal"": ""unknown"", ""mortality"": ""unknown"", ""n_participants"": 30, ""notes"": ""Related to UCI HAR; six activities plus six postural transitions. Do not treat both releases as independent populations."", ""paper"": ""unknown"", ""population"": ""unknown"", ""ppg"": ""unknown"", ""raw_accelerometer_available"": true, ""raw_data_available"": true, ""recording_duration"": ""unknown"", ""related_ids"": [""uci-har""], ""release_id"": ""unknown"", ""sample_scope"": ""Source-reported participants in this named release; not recordings, windows or devices."", ""sampling_frequency_hz"": {""accelerometer"": 50, ""gyroscope"": 50}, ""scope_tier"": ""core"", ""sensor_modalities"": [""accelerometer"", ""gyroscope""], ""signal_level"": ""raw_waveform"", ""sleep_labels"": ""unknown"", ""source_ids"": [""s-hapt""], ""spo2"": ""unknown"", ""status"": ""unknown"", ""task_types"": [""har""], ""temperature"": ""unknown"", ""total_hours"": ""unknown"", ""url"": ""https://archive.ics.uci.edu/dataset/341/smartphone+based+recognition+of+human+activities+and+postural+transitions"", ""year"": 2015}"
pamap2,dataset-pamap2,local-v1.2.0,2026-09-28,"{""accelerometer"": true, ""access_type"": ""open"", ""acquisition_frequency_hz"": ""unknown"", ""activity_labels"": true, ""added_on"": ""2026-09-28"", ""age_range"": ""unknown"", ""annotated_hours"": ""unknown"", ""body_location"": [""wrist"", ""chest"", ""ankle""], ""canonical_name"": ""PAMAP2"", ""clinical_outcomes"": ""unknown"", ""controlled_access"": false, ""country"": ""unknown"", ""curation_level"": ""metadata_checked"", ""data_size"": ""unknown"", ""dataset_name"": ""PAMAP2"", ""device"": ""Colibri IMUs; separate heart-rate monitor"", ""device_type"": ""imu"", ""disease_labels"": ""unknown"", ""domain"": [""har""], ""ecg"": ""unknown"", ""eda"": ""unknown"", ""ehr_linkage"": ""unknown"", ""field_sources"": {""accelerometer"": [""s-pamap2""], ""access_type"": [""s-pamap2""], ""activity_labels"": [""s-pamap2""], ""body_location"": [""s-pamap2""], ""canonical_name"": [""s-pamap2""], ""controlled_access"": [""s-pamap2""], ""dataset_name"": [""s-pamap2""], ""device"": [""s-pamap2""], ""device_type"": [""s-pamap2""], ""free_living_or_lab"": [""s-pamap2""], ""gyroscope"": [""s-pamap2""], ""label_types"": [""s-pamap2""], ""labels_available"": [""s-pamap2""], ""last_verified"": [""s-pamap2""], ""license"": [""s-pamap2""], ""n_participants"": [""s-pamap2""], ""raw_accelerometer_available"": [""s-pamap2""], ""raw_data_available"": [""s-pamap2""], ""sample_scope"": [""s-pamap2""], ""sampling_frequency_hz"": [""s-pamap2""], ""sensor_modalities"": [""s-pamap2""], ""signal_level"": [""s-pamap2""], ""temperature"": [""s-pamap2""], ""url"": [""s-pamap2""], ""year"": [""s-pamap2""]}, ""free_living_or_lab"": ""lab"", ""genomics"": ""unknown"", ""gps"": ""unknown"", ""gyroscope"": true, ""health_outcomes"": ""unknown"", ""id"": ""pamap2"", ""label_types"": [""activity""], ""labels_available"": true, ""last_verified"": ""2026-09-28"", ""license"": ""CC-BY-4.0"", ""local_kind"": ""datasets"", ""longitudinal"": ""unknown"", ""mortality"": ""unknown"", ""n_participants"": 9, ""notes"": ""18 activities across protocol and optional sessions; roughly 9 Hz heart-rate observations, not raw ECG. Wrist-only studies must extract the wrist channels."", ""paper"": ""unknown"", ""population"": ""unknown"", ""ppg"": ""unknown"", ""raw_accelerometer_available"": true, ""raw_data_available"": true, ""recording_duration"": ""unknown"", ""related_ids"": [], ""release_id"": ""unknown"", ""sample_scope"": ""Source-reported participants in this named release; not recordings, windows or devices."", ""sampling_frequency_hz"": {""accelerometer"": 100, ""gyroscope"": 100, ""heart_rate"": 9, ""magnetometer"": 100}, ""scope_tier"": ""core"", ""sensor_modalities"": [""accelerometer"", ""gyroscope"", ""magnetometer"", ""temperature"", ""heart_rate""], ""signal_level"": ""raw_waveform"", ""sleep_labels"": ""unknown"", ""source_ids"": [""s-pamap2""], ""spo2"": ""unknown"", ""status"": ""unknown"", ""task_types"": [""har""], ""temperature"": true, ""total_hours"": ""unknown"", ""url"": ""https://archive.ics.uci.edu/dataset/231/pamap2+physical+activity+monitoring"", ""year"": 2012}"
opportunity,dataset-opportunity,local-v1.2.0,2026-09-28,"{""accelerometer"": true, ""access_type"": ""open"", ""acquisition_frequency_hz"": ""unknown"", ""activity_labels"": true, ""added_on"": ""2026-09-28"", ""age_range"": ""unknown"", ""annotated_hours"": ""unknown"", ""body_location"": [""multiple""], ""canonical_name"": ""OPPORTUNITY"", ""clinical_outcomes"": ""unknown"", ""controlled_access"": false, ""country"": ""unknown"", ""curation_level"": ""metadata_checked"", ""data_size"": ""unknown"", ""dataset_name"": ""OPPORTUNITY"", ""device"": ""unknown"", ""device_type"": ""unknown"", ""disease_labels"": ""unknown"", ""domain"": [""har""], ""ecg"": ""unknown"", ""eda"": ""unknown"", ""ehr_linkage"": ""unknown"", ""field_sources"": {""accelerometer"": [""s-opportunity""], ""access_type"": [""s-opportunity""], ""activity_labels"": [""s-opportunity""], ""body_location"": [""s-opportunity""], ""canonical_name"": [""s-opportunity""], ""controlled_access"": [""s-opportunity""], ""dataset_name"": [""s-opportunity""], ""free_living_or_lab"": [""s-opportunity""], ""gyroscope"": [""s-opportunity""], ""label_types"": [""s-opportunity""], ""labels_available"": [""s-opportunity""], ""last_verified"": [""s-opportunity""], ""license"": [""s-opportunity""], ""n_participants"": [""s-opportunity""], ""raw_accelerometer_available"": [""s-opportunity""], ""raw_data_available"": [""s-opportunity""], ""sample_scope"": [""s-opportunity""], ""sensor_modalities"": [""s-opportunity""], ""signal_level"": [""s-opportunity""], ""url"": [""s-opportunity""], ""year"": [""s-opportunity""]}, ""free_living_or_lab"": ""lab"", ""genomics"": ""unknown"", ""gps"": ""unknown"", ""gyroscope"": true, ""health_outcomes"": ""unknown"", ""id"": ""opportunity"", ""label_types"": [""locomotion"", ""gesture"", ""activity""], ""labels_available"": true, ""last_verified"": ""2026-09-28"", ""license"": ""CC-BY-4.0"", ""local_kind"": ""datasets"", ""longitudinal"": ""unknown"", ""mortality"": ""unknown"", ""n_participants"": 4, ""notes"": ""Includes body, object and ambient sensors. Whole-record evaluation is not a wrist-only experiment. Do not label laboratory ADL sequences free-living."", ""paper"": ""unknown"", ""population"": ""unknown"", ""ppg"": ""unknown"", ""raw_accelerometer_available"": true, ""raw_data_available"": true, ""recording_duration"": ""unknown"", ""related_ids"": [], ""release_id"": ""unknown"", ""sample_scope"": ""Source-reported participants in this named release; not recordings, windows or devices."", ""sampling_frequency_hz"": ""unknown"", ""scope_tier"": ""core"", ""sensor_modalities"": [""accelerometer"", ""gyroscope"", ""magnetometer""], ""signal_level"": ""raw_waveform"", ""sleep_labels"": ""unknown"", ""source_ids"": [""s-opportunity""], ""spo2"": ""unknown"", ""status"": ""unknown"", ""task_types"": [""har""], ""temperature"": ""unknown"", ""total_hours"": ""unknown"", ""url"": ""https://archive.ics.uci.edu/dataset/226/opportunity+activity+recognition"", ""year"": 2010}"
wisdm-watch,dataset-wisdm,local-v1.2.0,2026-09-28,"{""accelerometer"": true, ""access_type"": ""open"", ""acquisition_frequency_hz"": ""unknown"", ""activity_labels"": true, ""added_on"": ""2026-09-28"", ""age_range"": ""unknown"", ""annotated_hours"": ""unknown"", ""body_location"": [""wrist"", ""pocket""], ""canonical_name"": ""WISDM Smartphone and Smartwatch"", ""clinical_outcomes"": ""unknown"", ""controlled_access"": false, ""country"": ""unknown"", ""curation_level"": ""metadata_checked"", ""data_size"": ""unknown"", ""dataset_name"": ""WISDM Smartphone and Smartwatch"", ""device"": ""unknown"", ""device_type"": ""smartwatch_and_smartphone"", ""disease_labels"": ""unknown"", ""domain"": [""har""], ""ecg"": ""unknown"", ""eda"": ""unknown"", ""ehr_linkage"": ""unknown"", ""field_sources"": {""accelerometer"": [""s-wisdm-watch""], ""access_type"": [""s-wisdm-watch""], ""activity_labels"": [""s-wisdm-watch""], ""body_location"": [""s-wisdm-watch""], ""canonical_name"": [""s-wisdm-watch""], ""controlled_access"": [""s-wisdm-watch""], ""dataset_name"": [""s-wisdm-watch""], ""device_type"": [""s-wisdm-watch""], ""free_living_or_lab"": [""s-wisdm-watch""], ""gyroscope"": [""s-wisdm-watch""], ""label_types"": [""s-wisdm-watch""], ""labels_available"": [""s-wisdm-watch""], ""last_verified"": [""s-wisdm-watch""], ""license"": [""s-wisdm-watch""], ""n_participants"": [""s-wisdm-watch""], ""raw_accelerometer_available"": [""s-wisdm-watch""], ""raw_data_available"": [""s-wisdm-watch""], ""recording_duration"": [""s-wisdm-watch""], ""release_id"": [""s-wisdm-watch""], ""sample_scope"": [""s-wisdm-watch""], ""sampling_frequency_hz"": [""s-wisdm-watch""], ""sensor_modalities"": [""s-wisdm-watch""], ""signal_level"": [""s-wisdm-watch""], ""url"": [""s-wisdm-watch""], ""year"": [""s-wisdm-watch""]}, ""free_living_or_lab"": ""lab"", ""genomics"": ""unknown"", ""gps"": ""unknown"", ""gyroscope"": true, ""health_outcomes"": ""unknown"", ""id"": ""wisdm-watch"", ""label_types"": [""activity""], ""labels_available"": true, ""last_verified"": ""2026-09-28"", ""license"": ""CC-BY-4.0"", ""local_kind"": ""datasets"", ""longitudinal"": ""unknown"", ""mortality"": ""unknown"", ""n_participants"": 51, ""notes"": ""Distinct from the older smartphone-only WISDM dataset."", ""paper"": ""unknown"", ""population"": ""unknown"", ""ppg"": ""unknown"", ""raw_accelerometer_available"": true, ""raw_data_available"": true, ""recording_duration"": ""3 minutes per activity; 18 activities"", ""related_ids"": [], ""release_id"": ""2019 phone-and-watch release"", ""sample_scope"": ""Source-reported participants in this named release; not recordings, windows or devices."", ""sampling_frequency_hz"": {""accelerometer"": 20, ""gyroscope"": 20}, ""scope_tier"": ""core"", ""sensor_modalities"": [""accelerometer"", ""gyroscope""], ""signal_level"": ""raw_waveform"", ""sleep_labels"": ""unknown"", ""source_ids"": [""s-wisdm-watch""], ""spo2"": ""unknown"", ""status"": ""unknown"", ""task_types"": [""har""], ""temperature"": ""unknown"", ""total_hours"": ""unknown"", ""url"": ""https://archive.ics.uci.edu/dataset/507/wisdm+smartphone+and+smartwatch+activity+and+biometrics+dataset"", ""year"": 2019}"
wesad,dataset-wesad,local-v1.2.0,2026-09-28,"{""accelerometer"": true, ""access_type"": ""open"", ""acquisition_frequency_hz"": ""unknown"", ""activity_labels"": ""unknown"", ""added_on"": ""2026-09-28"", ""age_range"": ""unknown"", ""annotated_hours"": ""unknown"", ""body_location"": [""wrist"", ""chest""], ""canonical_name"": ""WESAD"", ""clinical_outcomes"": ""unknown"", ""controlled_access"": false, ""country"": ""unknown"", ""curation_level"": ""metadata_checked"", ""data_size"": ""unknown"", ""dataset_name"": ""WESAD"", ""device"": ""Empatica E4; RespiBAN"", ""device_type"": ""wristband_and_chest_unit"", ""disease_labels"": ""unknown"", ""domain"": [""stress""], ""ecg"": true, ""eda"": true, ""ehr_linkage"": ""unknown"", ""field_sources"": {""accelerometer"": [""s-wesad""], ""access_type"": [""s-wesad""], ""body_location"": [""s-wesad""], ""canonical_name"": [""s-wesad""], ""controlled_access"": [""s-wesad""], ""dataset_name"": [""s-wesad""], ""device"": [""s-wesad""], ""device_type"": [""s-wesad""], ""ecg"": [""s-wesad""], ""eda"": [""s-wesad""], ""free_living_or_lab"": [""s-wesad""], ""label_types"": [""s-wesad""], ""labels_available"": [""s-wesad""], ""last_verified"": [""s-wesad""], ""n_participants"": [""s-wesad""], ""ppg"": [""s-wesad""], ""raw_accelerometer_available"": [""s-wesad""], ""raw_data_available"": [""s-wesad""], ""sample_scope"": [""s-wesad""], ""sampling_frequency_hz"": [""s-wesad""], ""sensor_modalities"": [""s-wesad""], ""signal_level"": [""s-wesad""], ""temperature"": [""s-wesad""], ""url"": [""s-wesad""], ""year"": [""s-wesad""]}, ""free_living_or_lab"": ""lab"", ""genomics"": ""unknown"", ""gps"": ""unknown"", ""gyroscope"": ""unknown"", ""health_outcomes"": ""unknown"", ""id"": ""wesad"", ""label_types"": [""stress"", ""affect"", ""self_report""], ""labels_available"": true, ""last_verified"": ""2026-09-28"", ""license"": ""unknown"", ""local_kind"": ""datasets"", ""longitudinal"": ""unknown"", ""mortality"": ""unknown"", ""n_participants"": 15, ""notes"": ""Neutral, stress and amusement are experimental states, not diagnoses. UCI points to external license terms; no license is inferred."", ""paper"": ""unknown"", ""population"": ""unknown"", ""ppg"": true, ""raw_accelerometer_available"": true, ""raw_data_available"": true, ""recording_duration"": ""unknown"", ""related_ids"": [], ""release_id"": ""unknown"", ""sample_scope"": ""Source-reported participants in this named release; not recordings, windows or devices."", ""sampling_frequency_hz"": {""accelerometer:chest"": 700, ""accelerometer:wrist"": 32, ""ecg:chest"": 700, ""eda:chest"": 700, ""eda:wrist"": 4, ""emg:chest"": 700, ""ppg:wrist"": 64, ""respiration:chest"": 700, ""temperature:chest"": 700, ""temperature:wrist"": 4}, ""scope_tier"": ""core"", ""sensor_modalities"": [""accelerometer"", ""ppg"", ""ecg"", ""eda"", ""temperature"", ""emg"", ""respiration""], ""signal_level"": ""raw_waveform"", ""sleep_labels"": ""unknown"", ""source_ids"": [""s-wesad""], ""spo2"": ""unknown"", ""status"": ""unknown"", ""task_types"": [""stress""], ""temperature"": true, ""total_hours"": ""unknown"", ""url"": ""https://archive.ics.uci.edu/dataset/465/wesad+wearable+stress+and+affect+detection"", ""year"": 2018}"
ppg-dalia,dataset-ppg-dalia,local-v1.2.0,2026-09-28,"{""accelerometer"": true, ""access_type"": ""open"", ""acquisition_frequency_hz"": ""unknown"", ""activity_labels"": true, ""added_on"": ""2026-09-28"", ""age_range"": ""unknown"", ""annotated_hours"": ""unknown"", ""body_location"": [""wrist"", ""chest""], ""canonical_name"": ""PPG-DaLiA"", ""clinical_outcomes"": ""unknown"", ""controlled_access"": false, ""country"": ""unknown"", ""curation_level"": ""metadata_checked"", ""data_size"": ""unknown"", ""dataset_name"": ""PPG-DaLiA"", ""device"": ""Empatica E4; RespiBAN"", ""device_type"": ""unknown"", ""disease_labels"": ""unknown"", ""domain"": [""physiology""], ""ecg"": true, ""eda"": true, ""ehr_linkage"": ""unknown"", ""field_sources"": {""accelerometer"": [""s-ppg-dalia""], ""access_type"": [""s-ppg-dalia""], ""activity_labels"": [""s-ppg-dalia""], ""body_location"": [""s-ppg-dalia""], ""canonical_name"": [""s-ppg-dalia""], ""controlled_access"": [""s-ppg-dalia""], ""dataset_name"": [""s-ppg-dalia""], ""device"": [""s-ppg-dalia""], ""ecg"": [""s-ppg-dalia""], ""eda"": [""s-ppg-dalia""], ""free_living_or_lab"": [""s-ppg-dalia""], ""label_types"": [""s-ppg-dalia""], ""labels_available"": [""s-ppg-dalia""], ""last_verified"": [""s-ppg-dalia""], ""license"": [""s-ppg-dalia""], ""n_participants"": [""s-ppg-dalia""], ""ppg"": [""s-ppg-dalia""], ""raw_accelerometer_available"": [""s-ppg-dalia""], ""raw_data_available"": [""s-ppg-dalia""], ""sample_scope"": [""s-ppg-dalia""], ""sampling_frequency_hz"": [""s-ppg-dalia""], ""sensor_modalities"": [""s-ppg-dalia""], ""signal_level"": [""s-ppg-dalia""], ""temperature"": [""s-ppg-dalia""], ""url"": [""s-ppg-dalia""], ""year"": [""s-ppg-dalia""]}, ""free_living_or_lab"": ""staged_daily_living"", ""genomics"": ""unknown"", ""gps"": ""unknown"", ""gyroscope"": ""unknown"", ""health_outcomes"": ""unknown"", ""id"": ""ppg-dalia"", ""label_types"": [""reference_heart_rate"", ""activity""], ""labels_available"": true, ""last_verified"": ""2026-09-28"", ""license"": ""CC-BY-4.0"", ""local_kind"": ""datasets"", ""longitudinal"": ""unknown"", ""mortality"": ""unknown"", ""n_participants"": 15, ""notes"": ""ECG provides the heart-rate reference. PPG and accelerometer channels have different rates."", ""paper"": ""unknown"", ""population"": ""unknown"", ""ppg"": true, ""raw_accelerometer_available"": true, ""raw_data_available"": true, ""recording_duration"": ""unknown"", ""related_ids"": [], ""release_id"": ""unknown"", ""sample_scope"": ""Source-reported participants in this named release; not recordings, windows or devices."", ""sampling_frequency_hz"": {""accelerometer:chest"": 700, ""accelerometer:wrist"": 32, ""ecg:chest"": 700, ""eda:wrist"": 4, ""ppg:wrist"": 64, ""respiration:chest"": 700, ""temperature:wrist"": 4}, ""scope_tier"": ""core"", ""sensor_modalities"": [""accelerometer"", ""ppg"", ""ecg"", ""eda"", ""temperature"", ""respiration""], ""signal_level"": ""raw_waveform"", ""sleep_labels"": ""unknown"", ""source_ids"": [""s-ppg-dalia""], ""spo2"": ""unknown"", ""status"": ""unknown"", ""task_types"": [""heart_rate_estimation""], ""temperature"": true, ""total_hours"": ""unknown"", ""url"": ""https://archive.ics.uci.edu/dataset/495/ppg+dalia"", ""year"": 2019}"
mhealth,dataset-mhealth,local-v1.2.0,2026-09-28,"{""accelerometer"": true, ""access_type"": ""open"", ""acquisition_frequency_hz"": ""unknown"", ""activity_labels"": true, ""added_on"": ""2026-09-28"", ""age_range"": ""unknown"", ""annotated_hours"": ""unknown"", ""body_location"": [""chest"", ""wrist"", ""ankle""], ""canonical_name"": ""MHEALTH"", ""clinical_outcomes"": ""unknown"", ""controlled_access"": false, ""country"": ""unknown"", ""curation_level"": ""metadata_checked"", ""data_size"": ""unknown"", ""dataset_name"": ""MHEALTH"", ""device"": ""Shimmer2"", ""device_type"": ""imu"", ""disease_labels"": ""unknown"", ""domain"": [""har""], ""ecg"": true, ""eda"": ""unknown"", ""ehr_linkage"": ""unknown"", ""field_sources"": {""accelerometer"": [""s-mhealth""], ""access_type"": [""s-mhealth""], ""activity_labels"": [""s-mhealth""], ""body_location"": [""s-mhealth""], ""canonical_name"": [""s-mhealth""], ""controlled_access"": [""s-mhealth""], ""dataset_name"": [""s-mhealth""], ""device"": [""s-mhealth""], ""device_type"": [""s-mhealth""], ""ecg"": [""s-mhealth""], ""free_living_or_lab"": [""s-mhealth""], ""gyroscope"": [""s-mhealth""], ""label_types"": [""s-mhealth""], ""labels_available"": [""s-mhealth""], ""last_verified"": [""s-mhealth""], ""n_participants"": [""s-mhealth""], ""raw_accelerometer_available"": [""s-mhealth""], ""raw_data_available"": [""s-mhealth""], ""sample_scope"": [""s-mhealth""], ""sampling_frequency_hz"": [""s-mhealth""], ""sensor_modalities"": [""s-mhealth""], ""signal_level"": [""s-mhealth""], ""url"": [""s-mhealth""], ""year"": [""s-mhealth""]}, ""free_living_or_lab"": ""lab"", ""genomics"": ""unknown"", ""gps"": ""unknown"", ""gyroscope"": true, ""health_outcomes"": ""unknown"", ""id"": ""mhealth"", ""label_types"": [""activity""], ""labels_available"": true, ""last_verified"": ""2026-09-28"", ""license"": ""unknown"", ""local_kind"": ""datasets"", ""longitudinal"": ""unknown"", ""mortality"": ""unknown"", ""n_participants"": 10, ""notes"": ""Twelve instructed activities; the released chest ECG is 50 Hz. Do not infer diagnostic ECG suitability."", ""paper"": ""unknown"", ""population"": ""unknown"", ""ppg"": ""unknown"", ""raw_accelerometer_available"": true, ""raw_data_available"": true, ""recording_duration"": ""unknown"", ""related_ids"": [], ""release_id"": ""unknown"", ""sample_scope"": ""Source-reported participants in this named release; not recordings, windows or devices."", ""sampling_frequency_hz"": {""accelerometer"": 50, ""ecg"": 50, ""gyroscope"": 50, ""magnetometer"": 50}, ""scope_tier"": ""core"", ""sensor_modalities"": [""accelerometer"", ""gyroscope"", ""magnetometer"", ""ecg""], ""signal_level"": ""raw_waveform"", ""sleep_labels"": ""unknown"", ""source_ids"": [""s-mhealth""], ""spo2"": ""unknown"", ""status"": ""unknown"", ""task_types"": [""har""], ""temperature"": ""unknown"", ""total_hours"": ""unknown"", ""url"": ""https://archive.ics.uci.edu/dataset/319/mhealth+dataset"", ""year"": 2014}"
hhar,dataset-hhar,local-v1.2.0,2026-09-28,"{""accelerometer"": true, ""access_type"": ""open"", ""acquisition_frequency_hz"": ""unknown"", ""activity_labels"": true, ""added_on"": ""2026-09-28"", ""age_range"": ""unknown"", ""annotated_hours"": ""unknown"", ""body_location"": [""wrist"", ""multiple""], ""canonical_name"": ""HHAR"", ""clinical_outcomes"": ""unknown"", ""controlled_access"": false, ""country"": ""unknown"", ""curation_level"": ""metadata_checked"", ""data_size"": ""unknown"", ""dataset_name"": ""HHAR"", ""device"": ""unknown"", ""device_type"": ""smartwatch_and_smartphone"", ""disease_labels"": ""unknown"", ""domain"": [""har""], ""ecg"": ""unknown"", ""eda"": ""unknown"", ""ehr_linkage"": ""unknown"", ""field_sources"": {""accelerometer"": [""s-hhar""], ""access_type"": [""s-hhar""], ""activity_labels"": [""s-hhar""], ""body_location"": [""s-hhar""], ""canonical_name"": [""s-hhar""], ""controlled_access"": [""s-hhar""], ""dataset_name"": [""s-hhar""], ""device_type"": [""s-hhar""], ""free_living_or_lab"": [""s-hhar""], ""gyroscope"": [""s-hhar""], ""label_types"": [""s-hhar""], ""labels_available"": [""s-hhar""], ""last_verified"": [""s-hhar""], ""n_participants"": [""s-hhar""], ""raw_accelerometer_available"": [""s-hhar""], ""raw_data_available"": [""s-hhar""], ""sample_scope"": [""s-hhar""], ""sensor_modalities"": [""s-hhar""], ""signal_level"": [""s-hhar""], ""url"": [""s-hhar""], ""year"": [""s-hhar""]}, ""free_living_or_lab"": ""lab"", ""genomics"": ""unknown"", ""gps"": ""unknown"", ""gyroscope"": true, ""health_outcomes"": ""unknown"", ""id"": ""hhar"", ""label_types"": [""activity"", ""device""], ""labels_available"": true, ""last_verified"": ""2026-09-28"", ""license"": ""unknown"", ""local_kind"": ""datasets"", ""longitudinal"": ""unknown"", ""mortality"": ""unknown"", ""n_participants"": 9, ""notes"": ""Acquisition rates vary by device. The nine activity-study users are not the count of devices in the separate calibration experiment."", ""paper"": ""unknown"", ""population"": ""unknown"", ""ppg"": ""unknown"", ""raw_accelerometer_available"": true, ""raw_data_available"": true, ""recording_duration"": ""unknown"", ""related_ids"": [], ""release_id"": ""unknown"", ""sample_scope"": ""Source-reported participants in this named release; not recordings, windows or devices."", ""sampling_frequency_hz"": ""unknown"", ""scope_tier"": ""core"", ""sensor_modalities"": [""accelerometer"", ""gyroscope""], ""signal_level"": ""raw_waveform"", ""sleep_labels"": ""unknown"", ""source_ids"": [""s-hhar""], ""spo2"": ""unknown"", ""status"": ""unknown"", ""task_types"": [""har""], ""temperature"": ""unknown"", ""total_hours"": ""unknown"", ""url"": ""https://archive.ics.uci.edu/dataset/344/heterogeneity+activity+recognition"", ""year"": 2015}"
daphnet,dataset-daphnet,local-v1.2.0,2026-09-28,"{""accelerometer"": true, ""access_type"": ""open"", ""acquisition_frequency_hz"": ""unknown"", ""activity_labels"": ""unknown"", ""added_on"": ""2026-09-28"", ""age_range"": ""unknown"", ""annotated_hours"": ""unknown"", ""body_location"": [""hip"", ""ankle"", ""thigh""], ""canonical_name"": ""Daphnet Freezing of Gait"", ""clinical_outcomes"": ""unknown"", ""controlled_access"": false, ""country"": ""unknown"", ""curation_level"": ""metadata_checked"", ""data_size"": ""unknown"", ""dataset_name"": ""Daphnet Freezing of Gait"", ""device"": ""unknown"", ""device_type"": ""unknown"", ""disease_labels"": true, ""domain"": [""gait""], ""ecg"": ""unknown"", ""eda"": ""unknown"", ""ehr_linkage"": ""unknown"", ""field_sources"": {""accelerometer"": [""s-daphnet""], ""access_type"": [""s-daphnet""], ""body_location"": [""s-daphnet""], ""canonical_name"": [""s-daphnet""], ""controlled_access"": [""s-daphnet""], ""dataset_name"": [""s-daphnet""], ""disease_labels"": [""s-daphnet""], ""free_living_or_lab"": [""s-daphnet""], ""label_types"": [""s-daphnet""], ""labels_available"": [""s-daphnet""], ""last_verified"": [""s-daphnet""], ""population"": [""s-daphnet""], ""raw_accelerometer_available"": [""s-daphnet""], ""raw_data_available"": [""s-daphnet""], ""sensor_modalities"": [""s-daphnet""], ""signal_level"": [""s-daphnet""], ""url"": [""s-daphnet""], ""year"": [""s-daphnet""]}, ""free_living_or_lab"": ""lab"", ""genomics"": ""unknown"", ""gps"": ""unknown"", ""gyroscope"": ""unknown"", ""health_outcomes"": ""unknown"", ""id"": ""daphnet"", ""label_types"": [""freezing_of_gait""], ""labels_available"": true, ""last_verified"": ""2026-09-28"", ""license"": ""unknown"", ""local_kind"": ""datasets"", ""longitudinal"": ""unknown"", ""mortality"": ""unknown"", ""n_participants"": ""unknown"", ""notes"": ""Recorded walking and ADL tasks designed to elicit freezing. Participant count and rate need source-level confirmation."", ""paper"": ""unknown"", ""population"": ""Parkinson disease patients with freezing of gait"", ""ppg"": ""unknown"", ""raw_accelerometer_available"": true, ""raw_data_available"": true, ""recording_duration"": ""unknown"", ""related_ids"": [], ""release_id"": ""unknown"", ""sample_scope"": ""unknown"", ""sampling_frequency_hz"": ""unknown"", ""scope_tier"": ""core"", ""sensor_modalities"": [""accelerometer""], ""signal_level"": ""raw_waveform"", ""sleep_labels"": ""unknown"", ""source_ids"": [""s-daphnet""], ""spo2"": ""unknown"", ""status"": ""unknown"", ""task_types"": [""gait""], ""temperature"": ""unknown"", ""total_hours"": ""unknown"", ""url"": ""https://archive.ics.uci.edu/dataset/245/daphnet+freezing+of+gait"", ""year"": 2013}"
realdisp,dataset-realdisp,local-v1.2.0,2026-09-28,"{""accelerometer"": true, ""access_type"": ""open"", ""acquisition_frequency_hz"": ""unknown"", ""activity_labels"": true, ""added_on"": ""2026-09-28"", ""age_range"": ""unknown"", ""annotated_hours"": ""unknown"", ""body_location"": [""multiple""], ""canonical_name"": ""REALDISP"", ""clinical_outcomes"": ""unknown"", ""controlled_access"": false, ""country"": ""unknown"", ""curation_level"": ""metadata_checked"", ""data_size"": ""unknown"", ""dataset_name"": ""REALDISP"", ""device"": ""unknown"", ""device_type"": ""unknown"", ""disease_labels"": ""unknown"", ""domain"": [""har""], ""ecg"": ""unknown"", ""eda"": ""unknown"", ""ehr_linkage"": ""unknown"", ""field_sources"": {""accelerometer"": [""s-realdisp""], ""access_type"": [""s-realdisp""], ""activity_labels"": [""s-realdisp""], ""body_location"": [""s-realdisp""], ""canonical_name"": [""s-realdisp""], ""controlled_access"": [""s-realdisp""], ""dataset_name"": [""s-realdisp""], ""free_living_or_lab"": [""s-realdisp""], ""gyroscope"": [""s-realdisp""], ""label_types"": [""s-realdisp""], ""labels_available"": [""s-realdisp""], ""last_verified"": [""s-realdisp""], ""n_participants"": [""s-realdisp""], ""raw_accelerometer_available"": [""s-realdisp""], ""raw_data_available"": [""s-realdisp""], ""sample_scope"": [""s-realdisp""], ""sensor_modalities"": [""s-realdisp""], ""signal_level"": [""s-realdisp""], ""url"": [""s-realdisp""], ""year"": [""s-realdisp""]}, ""free_living_or_lab"": ""lab"", ""genomics"": ""unknown"", ""gps"": ""unknown"", ""gyroscope"": true, ""health_outcomes"": ""unknown"", ""id"": ""realdisp"", ""label_types"": [""activity"", ""sensor_displacement""], ""labels_available"": true, ""last_verified"": ""2026-09-28"", ""license"": ""unknown"", ""local_kind"": ""datasets"", ""longitudinal"": ""unknown"", ""mortality"": ""unknown"", ""n_participants"": 17, ""notes"": ""Ideal, self and induced placement conditions support displacement robustness tests."", ""paper"": ""unknown"", ""population"": ""unknown"", ""ppg"": ""unknown"", ""raw_accelerometer_available"": true, ""raw_data_available"": true, ""recording_duration"": ""unknown"", ""related_ids"": [], ""release_id"": ""unknown"", ""sample_scope"": ""Source-reported participants in this named release; not recordings, windows or devices."", ""sampling_frequency_hz"": ""unknown"", ""scope_tier"": ""core"", ""sensor_modalities"": [""accelerometer"", ""gyroscope"", ""magnetometer""], ""signal_level"": ""raw_waveform"", ""sleep_labels"": ""unknown"", ""source_ids"": [""s-realdisp""], ""spo2"": ""unknown"", ""status"": ""unknown"", ""task_types"": [""har""], ""temperature"": ""unknown"", ""total_hours"": ""unknown"", ""url"": ""https://archive.ics.uci.edu/dataset/305/realdisp+activity+recognition+dataset"", ""year"": 2014}"
harth,dataset-harth,local-v1.2.0,2026-09-28,"{""accelerometer"": true, ""access_type"": ""open"", ""acquisition_frequency_hz"": ""unknown"", ""activity_labels"": true, ""added_on"": ""2026-09-28"", ""age_range"": ""unknown"", ""annotated_hours"": ""unknown"", ""body_location"": [""thigh"", ""back""], ""canonical_name"": ""HARTH"", ""clinical_outcomes"": ""unknown"", ""controlled_access"": false, ""country"": ""unknown"", ""curation_level"": ""metadata_checked"", ""data_size"": ""unknown"", ""dataset_name"": ""HARTH"", ""device"": ""Axivity AX3"", ""device_type"": ""accelerometer"", ""disease_labels"": ""unknown"", ""domain"": [""har""], ""ecg"": ""unknown"", ""eda"": ""unknown"", ""ehr_linkage"": ""unknown"", ""field_sources"": {""accelerometer"": [""s-harth""], ""access_type"": [""s-harth""], ""activity_labels"": [""s-harth""], ""body_location"": [""s-harth""], ""canonical_name"": [""s-harth""], ""controlled_access"": [""s-harth""], ""dataset_name"": [""s-harth""], ""device"": [""s-harth""], ""device_type"": [""s-harth""], ""free_living_or_lab"": [""s-harth""], ""label_types"": [""s-harth""], ""labels_available"": [""s-harth""], ""last_verified"": [""s-harth""], ""n_participants"": [""s-harth""], ""population"": [""s-harth""], ""raw_accelerometer_available"": [""s-harth""], ""raw_data_available"": [""s-harth""], ""recording_duration"": [""s-harth""], ""sample_scope"": [""s-harth""], ""sampling_frequency_hz"": [""s-harth""], ""sensor_modalities"": [""s-harth""], ""signal_level"": [""s-harth""], ""url"": [""s-harth""], ""year"": [""s-harth""]}, ""free_living_or_lab"": ""free_living"", ""genomics"": ""unknown"", ""gps"": ""unknown"", ""gyroscope"": ""unknown"", ""health_outcomes"": ""unknown"", ""id"": ""harth"", ""label_types"": [""professionally_annotated_activity""], ""labels_available"": true, ""last_verified"": ""2026-09-28"", ""license"": ""unknown"", ""local_kind"": ""datasets"", ""longitudinal"": ""unknown"", ""mortality"": ""unknown"", ""n_participants"": 22, ""notes"": ""Dual lower-body sensors; not wrist-worn data."", ""paper"": ""unknown"", ""population"": ""Adult volunteers"", ""ppg"": ""unknown"", ""raw_accelerometer_available"": true, ""raw_data_available"": true, ""recording_duration"": ""around 2 hours"", ""related_ids"": [], ""release_id"": ""unknown"", ""sample_scope"": ""Source-reported participants in this named release; not recordings, windows or devices."", ""sampling_frequency_hz"": {""accelerometer"": 50}, ""scope_tier"": ""core"", ""sensor_modalities"": [""accelerometer""], ""signal_level"": ""raw_waveform"", ""sleep_labels"": ""unknown"", ""source_ids"": [""s-harth""], ""spo2"": ""unknown"", ""status"": ""unknown"", ""task_types"": [""har""], ""temperature"": ""unknown"", ""total_hours"": ""unknown"", ""url"": ""https://archive.ics.uci.edu/dataset/779/harth"", ""year"": 2023}"
capture24,dataset-capture24,local-v1.2.0,2026-09-28,"{""accelerometer"": true, ""access_type"": ""open"", ""acquisition_frequency_hz"": ""unknown"", ""activity_labels"": true, ""added_on"": ""2026-09-28"", ""age_range"": ""unknown"", ""annotated_hours"": 2562, ""body_location"": [""wrist""], ""canonical_name"": ""CAPTURE-24"", ""clinical_outcomes"": ""unknown"", ""controlled_access"": false, ""country"": ""United Kingdom"", ""curation_level"": ""metadata_checked"", ""data_size"": ""unknown"", ""dataset_name"": ""CAPTURE-24"", ""device"": ""Axivity AX3"", ""device_type"": ""accelerometer"", ""disease_labels"": ""unknown"", ""domain"": [""har""], ""ecg"": ""unknown"", ""eda"": ""unknown"", ""ehr_linkage"": ""unknown"", ""field_sources"": {""accelerometer"": [""s-capture24""], ""access_type"": [""s-capture24""], ""activity_labels"": [""s-capture24""], ""annotated_hours"": [""s-capture24""], ""body_location"": [""s-capture24""], ""canonical_name"": [""s-capture24""], ""controlled_access"": [""s-capture24""], ""country"": [""s-capture24""], ""dataset_name"": [""s-capture24""], ""device"": [""s-capture24""], ""device_type"": [""s-capture24""], ""free_living_or_lab"": [""s-capture24""], ""label_types"": [""s-capture24""], ""labels_available"": [""s-capture24""], ""last_verified"": [""s-capture24""], ""n_participants"": [""s-capture24""], ""paper"": [""s-capture24""], ""raw_accelerometer_available"": [""s-capture24""], ""raw_data_available"": [""s-capture24""], ""recording_duration"": [""s-capture24""], ""sample_scope"": [""s-capture24""], ""sampling_frequency_hz"": [""s-capture24""], ""sensor_modalities"": [""s-capture24""], ""signal_level"": [""s-capture24""], ""sleep_labels"": [""s-capture24""], ""total_hours"": [""s-capture24""], ""url"": [""s-capture24""], ""year"": [""s-capture24""]}, ""free_living_or_lab"": ""free_living"", ""genomics"": ""unknown"", ""gps"": ""unknown"", ""gyroscope"": ""unknown"", ""health_outcomes"": ""unknown"", ""id"": ""capture24"", ""label_types"": [""camera_annotated_activity"", ""sleep_diary""], ""labels_available"": true, ""last_verified"": ""2026-09-28"", ""license"": ""unknown"", ""local_kind"": ""datasets"", ""longitudinal"": ""unknown"", ""mortality"": ""unknown"", ""n_participants"": 151, ""notes"": ""Dominant wrist. Camera images are not released. Total recording hours and annotated hours are distinct; sleep diaries are not polysomnography."", ""paper"": ""https://doi.org/10.1038/s41597-024-03960-3"", ""population"": ""unknown"", ""ppg"": ""unknown"", ""raw_accelerometer_available"": true, ""raw_data_available"": true, ""recording_duration"": ""approximately 24 hours per participant"", ""related_ids"": [], ""release_id"": ""unknown"", ""sample_scope"": ""151 released participants; 166 recruited"", ""sampling_frequency_hz"": {""accelerometer"": 100}, ""scope_tier"": ""core"", ""sensor_modalities"": [""accelerometer""], ""signal_level"": ""raw_waveform"", ""sleep_labels"": true, ""source_ids"": [""s-capture24""], ""spo2"": ""unknown"", ""status"": ""unknown"", ""task_types"": [""har"", ""sleep""], ""temperature"": ""unknown"", ""total_hours"": 3883, ""url"": ""https://www.nature.com/articles/s41597-024-03960-3"", ""year"": 2024}"
ukb-accelerometry,dataset-uk-biobank-accelerometer,local-v1.2.0,2026-09-28,"{""accelerometer"": true, ""access_type"": ""controlled"", ""acquisition_frequency_hz"": ""unknown"", ""activity_labels"": ""unknown"", ""added_on"": ""2026-09-28"", ""age_range"": ""unknown"", ""annotated_hours"": ""unknown"", ""body_location"": [""wrist""], ""canonical_name"": ""UK Biobank accelerometry (2017 analysis)"", ""clinical_outcomes"": ""unknown"", ""controlled_access"": true, ""country"": ""United Kingdom"", ""curation_level"": ""metadata_checked"", ""data_size"": ""unknown"", ""dataset_name"": ""UK Biobank accelerometry (2017 analysis)"", ""device"": ""Axivity AX3"", ""device_type"": ""accelerometer"", ""disease_labels"": ""unknown"", ""domain"": [""population_health""], ""ecg"": ""unknown"", ""eda"": ""unknown"", ""ehr_linkage"": true, ""field_sources"": {""accelerometer"": [""s-ukb-accelerometry""], ""access_type"": [""s-ukb-accelerometry""], ""body_location"": [""s-ukb-accelerometry""], ""canonical_name"": [""s-ukb-accelerometry""], ""controlled_access"": [""s-ukb-accelerometry""], ""country"": [""s-ukb-accelerometry""], ""dataset_name"": [""s-ukb-accelerometry""], ""device"": [""s-ukb-accelerometry""], ""device_type"": [""s-ukb-accelerometry""], ""ehr_linkage"": [""s-ukb-accelerometry""], ""free_living_or_lab"": [""s-ukb-accelerometry""], ""genomics"": [""s-ukb-accelerometry""], ""health_outcomes"": [""s-ukb-accelerometry""], ""label_types"": [""s-ukb-accelerometry""], ""labels_available"": [""s-ukb-accelerometry""], ""last_verified"": [""s-ukb-accelerometry""], ""license"": [""s-ukb-accelerometry""], ""longitudinal"": [""s-ukb-accelerometry""], ""n_participants"": [""s-ukb-accelerometry""], ""paper"": [""s-ukb-accelerometry""], ""population"": [""s-ukb-accelerometry""], ""raw_accelerometer_available"": [""s-ukb-accelerometry""], ""raw_data_available"": [""s-ukb-accelerometry""], ""recording_duration"": [""s-ukb-accelerometry""], ""sample_scope"": [""s-ukb-accelerometry""], ""sampling_frequency_hz"": [""s-ukb-accelerometry""], ""sensor_modalities"": [""s-ukb-accelerometry""], ""signal_level"": [""s-ukb-accelerometry""], ""url"": [""s-ukb-accelerometry""], ""year"": [""s-ukb-accelerometry""]}, ""free_living_or_lab"": ""free_living"", ""genomics"": true, ""gps"": ""unknown"", ""gyroscope"": ""unknown"", ""health_outcomes"": true, ""id"": ""ukb-accelerometry"", ""label_types"": [""cohort_phenotypes"", ""linked_outcomes""], ""labels_available"": true, ""last_verified"": ""2026-09-28"", ""license"": ""UK Biobank access agreement"", ""local_kind"": ""datasets"", ""longitudinal"": true, ""mortality"": ""unknown"", ""n_participants"": 96600, ""notes"": ""The linked cohort is longitudinal; this measurement is a one-week wear episode. Linkage availability must be checked in the actual analytic intersection. Not 500,000 wrist recordings."", ""paper"": ""https://doi.org/10.1371/journal.pone.0169649"", ""population"": ""UK Biobank accelerometry subcohort"", ""ppg"": ""unknown"", ""raw_accelerometer_available"": true, ""raw_data_available"": true, ""recording_duration"": ""7 days"", ""related_ids"": [], ""release_id"": ""unknown"", ""sample_scope"": ""96,600 valid physical-activity analysis participants in the 2017 paper; 103,712 recordings received"", ""sampling_frequency_hz"": {""accelerometer"": 100}, ""scope_tier"": ""core"", ""sensor_modalities"": [""accelerometer""], ""signal_level"": ""raw_waveform"", ""sleep_labels"": ""unknown"", ""source_ids"": [""s-ukb-accelerometry""], ""spo2"": ""unknown"", ""status"": ""unknown"", ""task_types"": [""population_health"", ""health_prediction""], ""temperature"": ""unknown"", ""total_hours"": ""unknown"", ""url"": ""https://journals.plos.org/plosone/article?id=10.1371/journal.pone.0169649"", ""year"": 2017}"
nhanes-1112,dataset-nhanes-2011-2012-wrist,local-v1.2.0,2026-09-28,"{""accelerometer"": true, ""access_type"": ""open"", ""acquisition_frequency_hz"": ""unknown"", ""activity_labels"": ""unknown"", ""added_on"": ""2026-09-28"", ""age_range"": ""unknown"", ""annotated_hours"": ""unknown"", ""body_location"": [""wrist""], ""canonical_name"": ""NHANES 2011–2012 raw accelerometry"", ""clinical_outcomes"": ""unknown"", ""controlled_access"": false, ""country"": ""United States"", ""curation_level"": ""metadata_checked"", ""data_size"": ""unknown"", ""dataset_name"": ""NHANES 2011–2012 raw accelerometry"", ""device"": ""unknown"", ""device_type"": ""unknown"", ""disease_labels"": ""unknown"", ""domain"": [""population_health""], ""ecg"": ""unknown"", ""eda"": ""unknown"", ""ehr_linkage"": ""unknown"", ""field_sources"": {""accelerometer"": [""s-nhanes-1112""], ""access_type"": [""s-nhanes-1112""], ""body_location"": [""s-nhanes-1112""], ""canonical_name"": [""s-nhanes-1112""], ""controlled_access"": [""s-nhanes-1112""], ""country"": [""s-nhanes-1112""], ""dataset_name"": [""s-nhanes-1112""], ""free_living_or_lab"": [""s-nhanes-1112""], ""last_verified"": [""s-nhanes-1112""], ""raw_accelerometer_available"": [""s-nhanes-1112""], ""raw_data_available"": [""s-nhanes-1112""], ""recording_duration"": [""s-nhanes-1112""], ""release_id"": [""s-nhanes-1112""], ""sampling_frequency_hz"": [""s-nhanes-1112""], ""sensor_modalities"": [""s-nhanes-1112""], ""signal_level"": [""s-nhanes-1112""], ""url"": [""s-nhanes-1112""], ""year"": [""s-nhanes-1112""]}, ""free_living_or_lab"": ""free_living"", ""genomics"": ""unknown"", ""gps"": ""unknown"", ""gyroscope"": ""unknown"", ""health_outcomes"": ""unknown"", ""id"": ""nhanes-1112"", ""label_types"": ""unknown"", ""labels_available"": ""unknown"", ""last_verified"": ""2026-09-28"", ""license"": ""unknown"", ""local_kind"": ""datasets"", ""longitudinal"": ""unknown"", ""mortality"": ""unknown"", ""n_participants"": ""unknown"", ""notes"": ""Raw 80 Hz CSVs are grouped into hourly files with separate QC flags. The PAXMIN release is a different derived product. Public release excludes ages 3–5."", ""paper"": ""unknown"", ""population"": ""unknown"", ""ppg"": ""unknown"", ""raw_accelerometer_available"": true, ""raw_data_available"": true, ""recording_duration"": ""7 days; participant files may cover up to 194 hours"", ""related_ids"": [], ""release_id"": ""PAX80_G"", ""sample_scope"": ""unknown"", ""sampling_frequency_hz"": {""accelerometer"": 80}, ""scope_tier"": ""core"", ""sensor_modalities"": [""accelerometer""], ""signal_level"": ""raw_waveform"", ""sleep_labels"": ""unknown"", ""source_ids"": [""s-nhanes-1112""], ""spo2"": ""unknown"", ""status"": ""unknown"", ""task_types"": [""population_health"", ""representation_learning""], ""temperature"": ""unknown"", ""total_hours"": ""unknown"", ""url"": ""https://wwwn.cdc.gov/Nchs/Data/Nhanes/Public/2011/DataFiles/PAX80_G.htm"", ""year"": 2022}"
nhanes-1314,dataset-nhanes-2013-2014-wrist,local-v1.2.0,2026-09-28,"{""accelerometer"": true, ""access_type"": ""open"", ""acquisition_frequency_hz"": ""unknown"", ""activity_labels"": ""unknown"", ""added_on"": ""2026-09-28"", ""age_range"": ""unknown"", ""annotated_hours"": ""unknown"", ""body_location"": [""wrist""], ""canonical_name"": ""NHANES 2013–2014 raw accelerometry"", ""clinical_outcomes"": ""unknown"", ""controlled_access"": false, ""country"": ""United States"", ""curation_level"": ""metadata_checked"", ""data_size"": ""unknown"", ""dataset_name"": ""NHANES 2013–2014 raw accelerometry"", ""device"": ""unknown"", ""device_type"": ""unknown"", ""disease_labels"": ""unknown"", ""domain"": [""population_health""], ""ecg"": ""unknown"", ""eda"": ""unknown"", ""ehr_linkage"": ""unknown"", ""field_sources"": {""accelerometer"": [""s-nhanes-1314""], ""access_type"": [""s-nhanes-1314""], ""body_location"": [""s-nhanes-1314""], ""canonical_name"": [""s-nhanes-1314""], ""controlled_access"": [""s-nhanes-1314""], ""country"": [""s-nhanes-1314""], ""dataset_name"": [""s-nhanes-1314""], ""free_living_or_lab"": [""s-nhanes-1314""], ""last_verified"": [""s-nhanes-1314""], ""raw_accelerometer_available"": [""s-nhanes-1314""], ""raw_data_available"": [""s-nhanes-1314""], ""recording_duration"": [""s-nhanes-1314""], ""release_id"": [""s-nhanes-1314""], ""sampling_frequency_hz"": [""s-nhanes-1314""], ""sensor_modalities"": [""s-nhanes-1314""], ""signal_level"": [""s-nhanes-1314""], ""url"": [""s-nhanes-1314""], ""year"": [""s-nhanes-1314""]}, ""free_living_or_lab"": ""free_living"", ""genomics"": ""unknown"", ""gps"": ""unknown"", ""gyroscope"": ""unknown"", ""health_outcomes"": ""unknown"", ""id"": ""nhanes-1314"", ""label_types"": ""unknown"", ""labels_available"": ""unknown"", ""last_verified"": ""2026-09-28"", ""license"": ""unknown"", ""local_kind"": ""datasets"", ""longitudinal"": ""unknown"", ""mortality"": ""unknown"", ""n_participants"": ""unknown"", ""notes"": ""Raw 80 Hz CSVs are grouped into hourly files with separate QC flags. The PAXMIN release is a different derived product. Public release excludes ages 3–5."", ""paper"": ""unknown"", ""population"": ""unknown"", ""ppg"": ""unknown"", ""raw_accelerometer_available"": true, ""raw_data_available"": true, ""recording_duration"": ""7 days; participant files may cover up to 194 hours"", ""related_ids"": [], ""release_id"": ""PAX80_H"", ""sample_scope"": ""unknown"", ""sampling_frequency_hz"": {""accelerometer"": 80}, ""scope_tier"": ""core"", ""sensor_modalities"": [""accelerometer""], ""signal_level"": ""raw_waveform"", ""sleep_labels"": ""unknown"", ""source_ids"": [""s-nhanes-1314""], ""spo2"": ""unknown"", ""status"": ""unknown"", ""task_types"": [""population_health"", ""representation_learning""], ""temperature"": ""unknown"", ""total_hours"": ""unknown"", ""url"": ""https://wwwn.cdc.gov/Nchs/Data/Nhanes/Public/2013/DataFiles/PAX80_H.htm"", ""year"": 2022}"
nhanes-mims-1112,dataset-nhanes-2011-2012-wrist,local-v1.2.0,2026-09-28,"{""accelerometer"": ""unknown"", ""access_type"": ""open"", ""acquisition_frequency_hz"": ""unknown"", ""activity_labels"": ""unknown"", ""added_on"": ""2026-09-28"", ""age_range"": ""unknown"", ""annotated_hours"": ""unknown"", ""body_location"": [""wrist""], ""canonical_name"": ""NHANES 2011–2012 MIMS summaries"", ""clinical_outcomes"": ""unknown"", ""controlled_access"": false, ""country"": ""United States"", ""curation_level"": ""metadata_checked"", ""data_size"": ""unknown"", ""dataset_name"": ""NHANES 2011–2012 MIMS summaries"", ""device"": ""unknown"", ""device_type"": ""unknown"", ""disease_labels"": ""unknown"", ""domain"": [""population_health""], ""ecg"": ""unknown"", ""eda"": ""unknown"", ""ehr_linkage"": ""unknown"", ""field_sources"": {""access_type"": [""s-nhanes-mims-1112""], ""body_location"": [""s-nhanes-mims-1112""], ""canonical_name"": [""s-nhanes-mims-1112""], ""controlled_access"": [""s-nhanes-mims-1112""], ""country"": [""s-nhanes-mims-1112""], ""dataset_name"": [""s-nhanes-mims-1112""], ""free_living_or_lab"": [""s-nhanes-mims-1112""], ""label_types"": [""s-nhanes-mims-1112""], ""labels_available"": [""s-nhanes-mims-1112""], ""last_verified"": [""s-nhanes-mims-1112""], ""raw_accelerometer_available"": [""s-nhanes-mims-1112""], ""raw_data_available"": [""s-nhanes-mims-1112""], ""recording_duration"": [""s-nhanes-mims-1112""], ""release_id"": [""s-nhanes-mims-1112""], ""sampling_frequency_hz"": [""s-nhanes-mims-1112""], ""sensor_modalities"": [""s-nhanes-mims-1112""], ""signal_level"": [""s-nhanes-mims-1112""], ""sleep_labels"": [""s-nhanes-mims-1112""], ""url"": [""s-nhanes-mims-1112""]}, ""free_living_or_lab"": ""free_living"", ""genomics"": ""unknown"", ""gps"": ""unknown"", ""gyroscope"": ""unknown"", ""health_outcomes"": ""unknown"", ""id"": ""nhanes-mims-1112"", ""label_types"": [""algorithmic_wake_sleep_nonwear""], ""labels_available"": true, ""last_verified"": ""2026-09-28"", ""license"": ""unknown"", ""local_kind"": ""datasets"", ""longitudinal"": ""unknown"", ""mortality"": ""unknown"", ""n_participants"": ""unknown"", ""notes"": ""Same cohort as the raw release, not an independent population. Algorithmic sleep/wear labels are not manual ground truth. MIMS is not raw acceleration."", ""paper"": ""unknown"", ""population"": ""unknown"", ""ppg"": ""unknown"", ""raw_accelerometer_available"": false, ""raw_data_available"": false, ""recording_duration"": ""7 days"", ""related_ids"": [""nhanes-1112""], ""release_id"": ""PAXMIN_G"", ""sample_scope"": ""unknown"", ""sampling_frequency_hz"": {""activity_counts"": 0.016666666666666666}, ""scope_tier"": ""core"", ""sensor_modalities"": [""activity_counts"", ""light""], ""signal_level"": ""derived_summary"", ""sleep_labels"": true, ""source_ids"": [""s-nhanes-mims-1112""], ""spo2"": ""unknown"", ""status"": ""unknown"", ""task_types"": [""population_health""], ""temperature"": ""unknown"", ""total_hours"": ""unknown"", ""url"": ""https://wwwn.cdc.gov/Nchs/Data/Nhanes/Public/2011/DataFiles/PAXMIN_G.htm"", ""year"": ""unknown""}"
allofus-fitbit-v8,dataset-all-of-us-fitbit,local-v1.2.0,2026-09-28,"{""accelerometer"": ""unknown"", ""access_type"": ""controlled"", ""acquisition_frequency_hz"": ""unknown"", ""activity_labels"": ""unknown"", ""added_on"": ""2026-09-28"", ""age_range"": ""18+"", ""annotated_hours"": ""unknown"", ""body_location"": [""wrist""], ""canonical_name"": ""All of Us Fitbit (CDR v8)"", ""clinical_outcomes"": ""unknown"", ""controlled_access"": true, ""country"": ""United States"", ""curation_level"": ""metadata_checked"", ""data_size"": ""unknown"", ""dataset_name"": ""All of Us Fitbit (CDR v8)"", ""device"": ""Multiple Fitbit models"", ""device_type"": ""consumer_wearable"", ""disease_labels"": ""unknown"", ""domain"": [""population_health""], ""ecg"": ""unknown"", ""eda"": ""unknown"", ""ehr_linkage"": true, ""field_sources"": {""access_type"": [""s-allofus-fitbit-v8"", ""s-allofus-api""], ""age_range"": [""s-allofus-fitbit-v8"", ""s-allofus-api""], ""body_location"": [""s-allofus-fitbit-v8"", ""s-allofus-api""], ""canonical_name"": [""s-allofus-fitbit-v8"", ""s-allofus-api""], ""controlled_access"": [""s-allofus-fitbit-v8"", ""s-allofus-api""], ""country"": [""s-allofus-fitbit-v8"", ""s-allofus-api""], ""dataset_name"": [""s-allofus-fitbit-v8"", ""s-allofus-api""], ""device"": [""s-allofus-fitbit-v8"", ""s-allofus-api""], ""device_type"": [""s-allofus-fitbit-v8"", ""s-allofus-api""], ""ehr_linkage"": [""s-allofus-fitbit-v8"", ""s-allofus-api""], ""free_living_or_lab"": [""s-allofus-fitbit-v8"", ""s-allofus-api""], ""genomics"": [""s-allofus-fitbit-v8"", ""s-allofus-api""], ""health_outcomes"": [""s-allofus-fitbit-v8"", ""s-allofus-api""], ""label_types"": [""s-allofus-fitbit-v8"", ""s-allofus-api""], ""labels_available"": [""s-allofus-fitbit-v8"", ""s-allofus-api""], ""last_verified"": [""s-allofus-fitbit-v8"", ""s-allofus-api""], ""longitudinal"": [""s-allofus-fitbit-v8"", ""s-allofus-api""], ""n_participants"": [""s-allofus-fitbit-v8"", ""s-allofus-api""], ""paper"": [""s-allofus-fitbit-v8"", ""s-allofus-api""], ""raw_accelerometer_available"": [""s-allofus-api""], ""raw_data_available"": [""s-allofus-api""], ""recording_duration"": [""s-allofus-fitbit-v8"", ""s-allofus-api""], ""release_id"": [""s-allofus-fitbit-v8"", ""s-allofus-api""], ""sample_scope"": [""s-allofus-fitbit-v8"", ""s-allofus-api""], ""sensor_modalities"": [""s-allofus-api""], ""signal_level"": [""s-allofus-api""], ""sleep_labels"": [""s-allofus-fitbit-v8"", ""s-allofus-api""], ""url"": [""s-allofus-fitbit-v8"", ""s-allofus-api""], ""year"": [""s-allofus-fitbit-v8"", ""s-allofus-api""]}, ""free_living_or_lab"": ""free_living"", ""genomics"": true, ""gps"": ""unknown"", ""gyroscope"": ""unknown"", ""health_outcomes"": true, ""id"": ""allofus-fitbit-v8"", ""label_types"": [""vendor_derived_sleep"", ""ehr"", ""survey""], ""labels_available"": true, ""last_verified"": ""2026-09-28"", ""license"": ""unknown"", ""local_kind"": ""datasets"", ""longitudinal"": true, ""mortality"": ""unknown"", ""n_participants"": 59018, ""notes"": ""The Workbench tables expose Fitbit web-API-derived measures, not raw PPG or acceleration. Fourteen years is the pooled dataset span, not per-person follow-up. Linkage subsets differ."", ""paper"": ""https://doi.org/10.1038/s41591-026-04352-3"", ""population"": ""unknown"", ""ppg"": ""unknown"", ""raw_accelerometer_available"": false, ""raw_data_available"": false, ""recording_duration"": ""variable; pooled calendar span exceeds 14 years"", ""related_ids"": [], ""release_id"": ""C2024Q3R5 / Controlled Tier CDR v8"", ""sample_scope"": ""59,018 Fitbit contributors in this frozen release; not a live enrollment count"", ""sampling_frequency_hz"": ""unknown"", ""scope_tier"": ""core"", ""sensor_modalities"": [""heart_rate"", ""steps"", ""sleep_summary""], ""signal_level"": ""vendor_derived"", ""sleep_labels"": true, ""source_ids"": [""s-allofus-fitbit-v8"", ""s-allofus-api""], ""spo2"": ""unknown"", ""status"": ""unknown"", ""task_types"": [""population_health"", ""health_prediction"", ""sleep""], ""temperature"": ""unknown"", ""total_hours"": ""unknown"", ""url"": ""https://www.nature.com/articles/s41591-026-04352-3"", ""year"": 2026}"
sleep-edf-expanded,dataset-sleep-edf,local-v1.2.0,2026-09-28,"{""accelerometer"": ""unknown"", ""access_type"": ""open"", ""acquisition_frequency_hz"": ""unknown"", ""activity_labels"": ""unknown"", ""added_on"": ""2026-09-28"", ""age_range"": ""unknown"", ""annotated_hours"": ""unknown"", ""body_location"": [""head"", ""multiple""], ""canonical_name"": ""Sleep-EDF Expanded"", ""clinical_outcomes"": ""unknown"", ""controlled_access"": false, ""country"": ""unknown"", ""curation_level"": ""metadata_checked"", ""data_size"": ""unknown"", ""dataset_name"": ""Sleep-EDF Expanded"", ""device"": ""unknown"", ""device_type"": ""unknown"", ""disease_labels"": ""unknown"", ""domain"": [""sleep""], ""ecg"": ""unknown"", ""eda"": ""unknown"", ""ehr_linkage"": ""unknown"", ""field_sources"": {""access_type"": [""s-sleep-edf-expanded""], ""body_location"": [""s-sleep-edf-expanded""], ""canonical_name"": [""s-sleep-edf-expanded""], ""controlled_access"": [""s-sleep-edf-expanded""], ""dataset_name"": [""s-sleep-edf-expanded""], ""free_living_or_lab"": [""s-sleep-edf-expanded""], ""label_types"": [""s-sleep-edf-expanded""], ""labels_available"": [""s-sleep-edf-expanded""], ""last_verified"": [""s-sleep-edf-expanded""], ""raw_data_available"": [""s-sleep-edf-expanded""], ""release_id"": [""s-sleep-edf-expanded""], ""sample_scope"": [""s-sleep-edf-expanded""], ""sampling_frequency_hz"": [""s-sleep-edf-expanded""], ""sensor_modalities"": [""s-sleep-edf-expanded""], ""signal_level"": [""s-sleep-edf-expanded""], ""sleep_labels"": [""s-sleep-edf-expanded""], ""temperature"": [""s-sleep-edf-expanded""], ""url"": [""s-sleep-edf-expanded""], ""year"": [""s-sleep-edf-expanded""]}, ""free_living_or_lab"": ""mixed_home_and_hospital"", ""genomics"": ""unknown"", ""gps"": ""unknown"", ""gyroscope"": ""unknown"", ""health_outcomes"": ""unknown"", ""id"": ""sleep-edf-expanded"", ""label_types"": [""technician_scored_sleep_stages""], ""labels_available"": true, ""last_verified"": ""2026-09-28"", ""license"": ""unknown"", ""local_kind"": ""datasets"", ""longitudinal"": ""unknown"", ""mortality"": ""unknown"", ""n_participants"": ""unknown"", ""notes"": ""Includes ambulatory home PSG and hospital telemetry. EMG is an envelope at 1 Hz, not raw high-rate EMG. PSG is not wrist sensing."", ""paper"": ""unknown"", ""population"": ""unknown"", ""ppg"": ""unknown"", ""raw_accelerometer_available"": ""unknown"", ""raw_data_available"": true, ""recording_duration"": ""unknown"", ""related_ids"": [], ""release_id"": ""197-record expansion described by current 1.0.0 landing page"", ""sample_scope"": ""197 whole-night recordings across two studies; not 197 participants"", ""sampling_frequency_hz"": {""eeg"": 100, ""emg:envelope"": 1, ""eog"": 100, ""respiration"": 1, ""temperature"": 1}, ""scope_tier"": ""adjacent"", ""sensor_modalities"": [""eeg"", ""eog"", ""emg"", ""respiration"", ""temperature""], ""signal_level"": ""waveforms_and_envelopes"", ""sleep_labels"": true, ""source_ids"": [""s-sleep-edf-expanded""], ""spo2"": ""unknown"", ""status"": ""unknown"", ""task_types"": [""sleep""], ""temperature"": true, ""total_hours"": ""unknown"", ""url"": ""https://physionet.org/content/sleep-edfx/1.0.0/"", ""year"": 2018}"
ptb-xl,dataset-ptb-xl,local-v1.2.0,2026-09-28,"{""accelerometer"": ""unknown"", ""access_type"": ""open"", ""acquisition_frequency_hz"": ""unknown"", ""activity_labels"": ""unknown"", ""added_on"": ""2026-09-28"", ""age_range"": ""unknown"", ""annotated_hours"": ""unknown"", ""body_location"": [""chest""], ""canonical_name"": ""PTB-XL"", ""clinical_outcomes"": ""unknown"", ""controlled_access"": false, ""country"": ""unknown"", ""curation_level"": ""metadata_checked"", ""data_size"": ""unknown"", ""dataset_name"": ""PTB-XL"", ""device"": ""unknown"", ""device_type"": ""unknown"", ""disease_labels"": true, ""domain"": [""cardiology""], ""ecg"": true, ""eda"": ""unknown"", ""ehr_linkage"": ""unknown"", ""field_sources"": {""access_type"": [""s-ptb-xl""], ""body_location"": [""s-ptb-xl""], ""canonical_name"": [""s-ptb-xl""], ""controlled_access"": [""s-ptb-xl""], ""dataset_name"": [""s-ptb-xl""], ""disease_labels"": [""s-ptb-xl""], ""ecg"": [""s-ptb-xl""], ""free_living_or_lab"": [""s-ptb-xl""], ""label_types"": [""s-ptb-xl""], ""labels_available"": [""s-ptb-xl""], ""last_verified"": [""s-ptb-xl""], ""n_participants"": [""s-ptb-xl""], ""raw_data_available"": [""s-ptb-xl""], ""recording_duration"": [""s-ptb-xl""], ""release_id"": [""s-ptb-xl""], ""sample_scope"": [""s-ptb-xl""], ""sampling_frequency_hz"": [""s-ptb-xl""], ""sensor_modalities"": [""s-ptb-xl""], ""signal_level"": [""s-ptb-xl""], ""url"": [""s-ptb-xl""], ""year"": [""s-ptb-xl""]}, ""free_living_or_lab"": ""clinical"", ""genomics"": ""unknown"", ""gps"": ""unknown"", ""gyroscope"": ""unknown"", ""health_outcomes"": ""unknown"", ""id"": ""ptb-xl"", ""label_types"": [""diagnostic"", ""rhythm"", ""form""], ""labels_available"": true, ""last_verified"": ""2026-09-28"", ""license"": ""unknown"", ""local_kind"": ""datasets"", ""longitudinal"": ""unknown"", ""mortality"": ""unknown"", ""n_participants"": 18869, ""notes"": ""Clinical 12-lead ECG, included as a transfer/evaluation enabler, not a wearable-native dataset. Recommended folds respect patient identity."", ""paper"": ""unknown"", ""population"": ""unknown"", ""ppg"": ""unknown"", ""raw_accelerometer_available"": ""unknown"", ""raw_data_available"": true, ""recording_duration"": ""10 seconds per record"", ""related_ids"": [], ""release_id"": ""1.0.3"", ""sample_scope"": ""18,869 patients; 21,799 ECGs in v1.0.3"", ""sampling_frequency_hz"": {""ecg"": 500, ""ecg:downsampled"": 100}, ""scope_tier"": ""adjacent"", ""sensor_modalities"": [""ecg""], ""signal_level"": ""raw_waveform"", ""sleep_labels"": ""unknown"", ""source_ids"": [""s-ptb-xl""], ""spo2"": ""unknown"", ""status"": ""unknown"", ""task_types"": [""arrhythmia"", ""health_prediction""], ""temperature"": ""unknown"", ""total_hours"": ""unknown"", ""url"": ""https://physionet.org/content/ptb-xl/1.0.3/"", ""year"": 2020}"
bidmc-ppg,dataset-bidmc-ppg-resp,local-v1.2.0,2026-09-28,"{""accelerometer"": ""unknown"", ""access_type"": ""open"", ""acquisition_frequency_hz"": ""unknown"", ""activity_labels"": ""unknown"", ""added_on"": ""2026-09-28"", ""age_range"": ""unknown"", ""annotated_hours"": ""unknown"", ""body_location"": [""multiple""], ""canonical_name"": ""BIDMC PPG and Respiration"", ""clinical_outcomes"": ""unknown"", ""controlled_access"": false, ""country"": ""unknown"", ""curation_level"": ""metadata_checked"", ""data_size"": ""unknown"", ""dataset_name"": ""BIDMC PPG and Respiration"", ""device"": ""unknown"", ""device_type"": ""unknown"", ""disease_labels"": ""unknown"", ""domain"": [""physiology""], ""ecg"": true, ""eda"": ""unknown"", ""ehr_linkage"": ""unknown"", ""field_sources"": {""access_type"": [""s-bidmc-ppg""], ""body_location"": [""s-bidmc-ppg""], ""canonical_name"": [""s-bidmc-ppg""], ""controlled_access"": [""s-bidmc-ppg""], ""dataset_name"": [""s-bidmc-ppg""], ""ecg"": [""s-bidmc-ppg""], ""free_living_or_lab"": [""s-bidmc-ppg""], ""label_types"": [""s-bidmc-ppg""], ""labels_available"": [""s-bidmc-ppg""], ""last_verified"": [""s-bidmc-ppg""], ""license"": [""s-bidmc-ppg""], ""ppg"": [""s-bidmc-ppg""], ""raw_data_available"": [""s-bidmc-ppg""], ""recording_duration"": [""s-bidmc-ppg""], ""sample_scope"": [""s-bidmc-ppg""], ""sampling_frequency_hz"": [""s-bidmc-ppg""], ""sensor_modalities"": [""s-bidmc-ppg""], ""signal_level"": [""s-bidmc-ppg""], ""spo2"": [""s-bidmc-ppg""], ""url"": [""s-bidmc-ppg""], ""year"": [""s-bidmc-ppg""]}, ""free_living_or_lab"": ""clinical"", ""genomics"": ""unknown"", ""gps"": ""unknown"", ""gyroscope"": ""unknown"", ""health_outcomes"": ""unknown"", ""id"": ""bidmc-ppg"", ""label_types"": [""manual_breath_annotations""], ""labels_available"": true, ""last_verified"": ""2026-09-28"", ""license"": ""ODC-By-1.0"", ""local_kind"": ""datasets"", ""longitudinal"": ""unknown"", ""mortality"": ""unknown"", ""n_participants"": ""unknown"", ""notes"": ""ICU bedside measurements from MIMIC-II, not wearable-native. Appropriate for method transfer only after target-sensor validation."", ""paper"": ""unknown"", ""population"": ""unknown"", ""ppg"": true, ""raw_accelerometer_available"": ""unknown"", ""raw_data_available"": true, ""recording_duration"": ""8 minutes per recording"", ""related_ids"": [], ""release_id"": ""unknown"", ""sample_scope"": ""53 recordings; participant uniqueness not asserted"", ""sampling_frequency_hz"": {""ecg"": 125, ""heart_rate"": 1, ""ppg"": 125, ""respiration"": 125, ""spo2"": 1}, ""scope_tier"": ""adjacent"", ""sensor_modalities"": [""ppg"", ""ecg"", ""respiration"", ""spo2"", ""heart_rate""], ""signal_level"": ""waveforms_and_numerics"", ""sleep_labels"": ""unknown"", ""source_ids"": [""s-bidmc-ppg""], ""spo2"": true, ""status"": ""unknown"", ""task_types"": [""signal_processing""], ""temperature"": ""unknown"", ""total_hours"": ""unknown"", ""url"": ""https://physionet.org/content/bidmc/1.0.0/"", ""year"": 2018}"
motion-sense,dataset-motionsense,local-v1.2.0,2026-09-28,"{""accelerometer"": true, ""access_type"": ""open"", ""acquisition_frequency_hz"": ""unknown"", ""activity_labels"": true, ""added_on"": ""2026-09-28"", ""age_range"": ""unknown"", ""annotated_hours"": ""unknown"", ""body_location"": [""pocket""], ""canonical_name"": ""MotionSense"", ""clinical_outcomes"": ""unknown"", ""controlled_access"": false, ""country"": ""unknown"", ""curation_level"": ""metadata_checked"", ""data_size"": ""unknown"", ""dataset_name"": ""MotionSense"", ""device"": ""unknown"", ""device_type"": ""unknown"", ""disease_labels"": ""unknown"", ""domain"": [""har""], ""ecg"": ""unknown"", ""eda"": ""unknown"", ""ehr_linkage"": ""unknown"", ""field_sources"": {""accelerometer"": [""s-motion-sense""], ""access_type"": [""s-motion-sense""], ""activity_labels"": [""s-motion-sense""], ""body_location"": [""s-motion-sense""], ""canonical_name"": [""s-motion-sense""], ""controlled_access"": [""s-motion-sense""], ""dataset_name"": [""s-motion-sense""], ""gyroscope"": [""s-motion-sense""], ""label_types"": [""s-motion-sense""], ""labels_available"": [""s-motion-sense""], ""last_verified"": [""s-motion-sense""], ""sensor_modalities"": [""s-motion-sense""], ""signal_level"": [""s-motion-sense""], ""url"": [""s-motion-sense""]}, ""free_living_or_lab"": ""unknown"", ""genomics"": ""unknown"", ""gps"": ""unknown"", ""gyroscope"": true, ""health_outcomes"": ""unknown"", ""id"": ""motion-sense"", ""label_types"": [""activity"", ""subject_attributes""], ""labels_available"": true, ""last_verified"": ""2026-09-28"", ""license"": ""unknown"", ""local_kind"": ""datasets"", ""longitudinal"": ""unknown"", ""mortality"": ""unknown"", ""n_participants"": ""unknown"", ""notes"": ""Body-carried smartphone resource; not a wrist-worn benchmark. See the canonical release for exact participant and rate details."", ""paper"": ""unknown"", ""population"": ""unknown"", ""ppg"": ""unknown"", ""raw_accelerometer_available"": ""unknown"", ""raw_data_available"": ""unknown"", ""recording_duration"": ""unknown"", ""related_ids"": [], ""release_id"": ""unknown"", ""sample_scope"": ""unknown"", ""sampling_frequency_hz"": ""unknown"", ""scope_tier"": ""adjacent"", ""sensor_modalities"": [""accelerometer"", ""gyroscope""], ""signal_level"": ""phone_inertial_signals"", ""sleep_labels"": ""unknown"", ""source_ids"": [""s-motion-sense""], ""spo2"": ""unknown"", ""status"": ""unknown"", ""task_types"": [""har""], ""temperature"": ""unknown"", ""total_hours"": ""unknown"", ""url"": ""https://github.com/mmalekzadeh/motion-sense"", ""year"": ""unknown""}"
realworld,dataset-realworld-har,local-v1.2.0,2026-09-28,"{""accelerometer"": true, ""access_type"": ""open"", ""acquisition_frequency_hz"": ""unknown"", ""activity_labels"": true, ""added_on"": ""2026-09-28"", ""age_range"": ""unknown"", ""annotated_hours"": ""unknown"", ""body_location"": [""multiple""], ""canonical_name"": ""RealWorld HAR"", ""clinical_outcomes"": ""unknown"", ""controlled_access"": false, ""country"": ""unknown"", ""curation_level"": ""metadata_checked"", ""data_size"": ""unknown"", ""dataset_name"": ""RealWorld HAR"", ""device"": ""unknown"", ""device_type"": ""unknown"", ""disease_labels"": ""unknown"", ""domain"": [""har""], ""ecg"": ""unknown"", ""eda"": ""unknown"", ""ehr_linkage"": ""unknown"", ""field_sources"": {""accelerometer"": [""s-realworld""], ""access_type"": [""s-realworld""], ""activity_labels"": [""s-realworld""], ""body_location"": [""s-realworld""], ""canonical_name"": [""s-realworld""], ""controlled_access"": [""s-realworld""], ""dataset_name"": [""s-realworld""], ""gyroscope"": [""s-realworld""], ""label_types"": [""s-realworld""], ""labels_available"": [""s-realworld""], ""last_verified"": [""s-realworld""], ""sensor_modalities"": [""s-realworld""], ""url"": [""s-realworld""]}, ""free_living_or_lab"": ""unknown"", ""genomics"": ""unknown"", ""gps"": ""unknown"", ""gyroscope"": true, ""health_outcomes"": ""unknown"", ""id"": ""realworld"", ""label_types"": [""activity""], ""labels_available"": true, ""last_verified"": ""2026-09-28"", ""license"": ""unknown"", ""local_kind"": ""datasets"", ""longitudinal"": ""unknown"", ""mortality"": ""unknown"", ""n_participants"": ""unknown"", ""notes"": ""Multi-location activity resource. Exact released modalities, rate and participant inclusion should be checked before defining a wrist-only subset."", ""paper"": ""unknown"", ""population"": ""unknown"", ""ppg"": ""unknown"", ""raw_accelerometer_available"": ""unknown"", ""raw_data_available"": ""unknown"", ""recording_duration"": ""unknown"", ""related_ids"": [], ""release_id"": ""unknown"", ""sample_scope"": ""unknown"", ""sampling_frequency_hz"": ""unknown"", ""scope_tier"": ""core"", ""sensor_modalities"": [""accelerometer"", ""gyroscope""], ""signal_level"": ""unknown"", ""sleep_labels"": ""unknown"", ""source_ids"": [""s-realworld""], ""spo2"": ""unknown"", ""status"": ""unknown"", ""task_types"": [""har""], ""temperature"": ""unknown"", ""total_hours"": ""unknown"", ""url"": ""https://www.uni-mannheim.de/dws/research/projects/activity-recognition/dataset/dataset-realworld/"", ""year"": ""unknown""}"
mit-bih,dataset-mitbih-arrhythmia,local-v1.2.0,2026-09-28,"{""accelerometer"": ""unknown"", ""access_type"": ""open"", ""acquisition_frequency_hz"": ""unknown"", ""activity_labels"": ""unknown"", ""added_on"": ""2026-09-28"", ""age_range"": ""unknown"", ""annotated_hours"": ""unknown"", ""body_location"": [""chest""], ""canonical_name"": ""MIT-BIH Arrhythmia"", ""clinical_outcomes"": ""unknown"", ""controlled_access"": false, ""country"": ""unknown"", ""curation_level"": ""metadata_checked"", ""data_size"": ""unknown"", ""dataset_name"": ""MIT-BIH Arrhythmia"", ""device"": ""unknown"", ""device_type"": ""unknown"", ""disease_labels"": true, ""domain"": [""cardiology""], ""ecg"": true, ""eda"": ""unknown"", ""ehr_linkage"": ""unknown"", ""field_sources"": {""access_type"": [""s-mit-bih""], ""body_location"": [""s-mit-bih""], ""canonical_name"": [""s-mit-bih""], ""controlled_access"": [""s-mit-bih""], ""dataset_name"": [""s-mit-bih""], ""disease_labels"": [""s-mit-bih""], ""ecg"": [""s-mit-bih""], ""label_types"": [""s-mit-bih""], ""labels_available"": [""s-mit-bih""], ""last_verified"": [""s-mit-bih""], ""license"": [""s-mit-bih""], ""n_participants"": [""s-mit-bih""], ""raw_data_available"": [""s-mit-bih""], ""recording_duration"": [""s-mit-bih""], ""sample_scope"": [""s-mit-bih""], ""sampling_frequency_hz"": [""s-mit-bih""], ""sensor_modalities"": [""s-mit-bih""], ""signal_level"": [""s-mit-bih""], ""url"": [""s-mit-bih""], ""year"": [""s-mit-bih""]}, ""free_living_or_lab"": ""unknown"", ""genomics"": ""unknown"", ""gps"": ""unknown"", ""gyroscope"": ""unknown"", ""health_outcomes"": ""unknown"", ""id"": ""mit-bih"", ""label_types"": [""cardiologist_annotated_beats""], ""labels_available"": true, ""last_verified"": ""2026-09-28"", ""license"": ""ODC-By-1.0"", ""local_kind"": ""datasets"", ""longitudinal"": ""unknown"", ""mortality"": ""unknown"", ""n_participants"": 47, ""notes"": ""Two-channel ambulatory ECG. Beat-level random splits are not subject-independent validation. Original distribution began in 1980; PhysioNet release is later."", ""paper"": ""unknown"", ""population"": ""unknown"", ""ppg"": ""unknown"", ""raw_accelerometer_available"": ""unknown"", ""raw_data_available"": true, ""recording_duration"": ""30 minutes per excerpt"", ""related_ids"": [], ""release_id"": ""unknown"", ""sample_scope"": ""47 subjects contributing 48 half-hour excerpts"", ""sampling_frequency_hz"": {""ecg"": 360}, ""scope_tier"": ""core"", ""sensor_modalities"": [""ecg""], ""signal_level"": ""raw_waveform"", ""sleep_labels"": ""unknown"", ""source_ids"": [""s-mit-bih""], ""spo2"": ""unknown"", ""status"": ""unknown"", ""task_types"": [""arrhythmia""], ""temperature"": ""unknown"", ""total_hours"": ""unknown"", ""url"": ""https://physionet.org/content/mitdb/1.0.0/"", ""year"": 1980}"
model-harnet,model-ssl-wearables-700k-days-2024,local-v1.2.0,2026-09-28,"{""added_on"": ""2026-09-28"", ""anomaly_detection"": ""unknown"", ""capability_notes"": ""unknown"", ""classification"": true, ""commercial_use"": false, ""cross_device"": ""unknown"", ""curation_level"": ""metadata_checked"", ""field_sources"": {""classification"": [""s-model-harnet""], ""commercial_use"": [""s-model-harnet""], ""foundation_model"": [""s-model-harnet""], ""har"": [""s-model-harnet""], ""last_verified"": [""s-model-harnet""], ""license"": [""s-model-harnet""], ""model_family"": [""s-model-harnet""], ""model_name"": [""s-model-harnet""], ""official_code"": [""s-model-harnet""], ""official_weights"": [""s-model-harnet""], ""paper"": [""s-model-harnet""], ""pretraining_dataset"": [""s-model-harnet""], ""pretraining_scale"": [""s-model-harnet""], ""publication_status"": [""s-model-harnet""], ""sampling_frequency"": [""s-model-harnet""], ""self_supervised"": [""s-model-harnet""], ""sensor_modalities"": [""s-model-harnet""], ""venue"": [""s-model-harnet""], ""wearable_native"": [""s-model-harnet""], ""year"": [""s-model-harnet""]}, ""forecasting"": ""unknown"", ""foundation_model"": true, ""har"": true, ""health_prediction"": ""unknown"", ""id"": ""model-harnet"", ""imputation"": ""unknown"", ""input_type"": ""unknown"", ""last_verified"": ""2026-09-28"", ""license"": ""Academic research / non-commercial terms; consult upstream license"", ""local_kind"": ""models"", ""model_family"": ""ResNet multitask self-supervision"", ""model_name"": ""HARNet / ssl-wearables"", ""multimodal"": ""unknown"", ""n_hours"": ""unknown"", ""n_subjects"": ""unknown"", ""notes"": ""5-, 10- and 30-second checkpoints are one family, not three independent models. Pretrained backbone is not a trained downstream classification head."", ""official_code"": ""https://github.com/OxWearables/ssl-wearables"", ""official_weights"": ""https://github.com/OxWearables/ssl-wearables/tree/main/model_check_point"", ""paper"": ""https://doi.org/10.1038/s41746-024-01062-3"", ""parameter_count"": ""unknown"", ""pretraining_dataset"": [""UK Biobank""], ""pretraining_scale"": ""700,000 person-days"", ""publication_status"": ""peer_reviewed"", ""related_ids"": [""paper-harnet""], ""sampling_frequency"": ""30 Hz model input"", ""scope_tier"": ""core"", ""self_supervised"": true, ""sensor_modalities"": [""accelerometer""], ""sleep"": ""unknown"", ""source_ids"": [""s-model-harnet""], ""venue"": ""npj Digital Medicine"", ""wearable_native"": true, ""year"": 2024, ""zero_shot"": ""unknown""}"
model-relcon,model-relcon-2025,local-v1.2.0,2026-09-28,"{""added_on"": ""2026-09-28"", ""anomaly_detection"": ""unknown"", ""capability_notes"": ""unknown"", ""classification"": true, ""commercial_use"": ""unknown"", ""cross_device"": ""unknown"", ""curation_level"": ""metadata_checked"", ""field_sources"": {""classification"": [""s-model-relcon""], ""foundation_model"": [""s-model-relcon""], ""har"": [""s-model-relcon""], ""last_verified"": [""s-model-relcon""], ""model_family"": [""s-model-relcon""], ""model_name"": [""s-model-relcon""], ""n_subjects"": [""s-model-relcon""], ""official_code"": [""s-model-relcon""], ""paper"": [""s-model-relcon""], ""pretraining_scale"": [""s-model-relcon""], ""publication_status"": [""s-model-relcon""], ""self_supervised"": [""s-model-relcon""], ""sensor_modalities"": [""s-model-relcon""], ""venue"": [""s-model-relcon""], ""wearable_native"": [""s-model-relcon""], ""year"": [""s-model-relcon""]}, ""forecasting"": ""unknown"", ""foundation_model"": true, ""har"": true, ""health_prediction"": ""unknown"", ""id"": ""model-relcon"", ""imputation"": ""unknown"", ""input_type"": ""unknown"", ""last_verified"": ""2026-09-28"", ""license"": ""unknown"", ""local_kind"": ""models"", ""model_family"": ""Relative contrastive learning"", ""model_name"": ""RelCon"", ""multimodal"": ""unknown"", ""n_hours"": ""unknown"", ""n_subjects"": 87376, ""notes"": ""A learned distance guides relative contrastive learning; evaluation results remain protocol-specific."", ""official_code"": ""https://github.com/maxxu05/relcon"", ""official_weights"": ""unknown"", ""paper"": ""https://openreview.net/forum?id=k2uUeLCrQq"", ""parameter_count"": ""unknown"", ""pretraining_dataset"": ""unknown"", ""pretraining_scale"": ""One billion motion segments"", ""publication_status"": ""peer_reviewed"", ""related_ids"": [""paper-relcon""], ""sampling_frequency"": ""unknown"", ""scope_tier"": ""core"", ""self_supervised"": true, ""sensor_modalities"": [""accelerometer""], ""sleep"": ""unknown"", ""source_ids"": [""s-model-relcon""], ""venue"": ""ICLR"", ""wearable_native"": true, ""year"": 2025, ""zero_shot"": ""unknown""}"
model-normwear,model-normwear-2026,local-v1.2.0,2026-09-28,"{""added_on"": ""2026-09-28"", ""anomaly_detection"": ""unknown"", ""capability_notes"": ""unknown"", ""classification"": ""unknown"", ""commercial_use"": ""unknown"", ""cross_device"": ""unknown"", ""curation_level"": ""metadata_checked"", ""field_sources"": {""foundation_model"": [""s-model-normwear""], ""last_verified"": [""s-model-normwear""], ""model_family"": [""s-model-normwear""], ""model_name"": [""s-model-normwear""], ""multimodal"": [""s-model-normwear""], ""official_code"": [""s-model-normwear""], ""paper"": [""s-model-normwear""], ""publication_status"": [""s-model-normwear""], ""self_supervised"": [""s-model-normwear""], ""sensor_modalities"": [""s-model-normwear""], ""venue"": [""s-model-normwear""], ""wearable_native"": [""s-model-normwear""], ""year"": [""s-model-normwear""]}, ""forecasting"": ""unknown"", ""foundation_model"": true, ""har"": ""unknown"", ""health_prediction"": ""unknown"", ""id"": ""model-normwear"", ""imputation"": ""unknown"", ""input_type"": ""unknown"", ""last_verified"": ""2026-09-28"", ""license"": ""unknown"", ""local_kind"": ""models"", ""model_family"": ""Multivariate physiological pretraining"", ""model_name"": ""NormWear"", ""multimodal"": true, ""n_hours"": ""unknown"", ""n_subjects"": ""unknown"", ""notes"": ""Publication metadata follows the author repository’s 2026 citation rather than treating the earlier arXiv version as another paper."", ""official_code"": ""https://github.com/Mobile-Sensing-and-UbiComp-Laboratory/NormWear"", ""official_weights"": ""unknown"", ""paper"": ""https://doi.org/10.1145/3803808"", ""parameter_count"": ""unknown"", ""pretraining_dataset"": ""unknown"", ""pretraining_scale"": ""unknown"", ""publication_status"": ""peer_reviewed"", ""related_ids"": [""paper-normwear""], ""sampling_frequency"": ""unknown"", ""scope_tier"": ""core"", ""self_supervised"": true, ""sensor_modalities"": [""accelerometer"", ""ppg"", ""ecg"", ""eda""], ""sleep"": ""unknown"", ""source_ids"": [""s-model-normwear""], ""venue"": ""IMWUT"", ""wearable_native"": true, ""year"": 2026, ""zero_shot"": ""unknown""}"
model-papagei,model-papagei-2025,local-v1.2.0,2026-09-28,"{""added_on"": ""2026-09-28"", ""anomaly_detection"": ""unknown"", ""capability_notes"": ""unknown"", ""classification"": ""unknown"", ""commercial_use"": ""unknown"", ""cross_device"": ""unknown"", ""curation_level"": ""metadata_checked"", ""field_sources"": {""foundation_model"": [""s-model-papagei""], ""health_prediction"": [""s-model-papagei""], ""last_verified"": [""s-model-papagei""], ""license"": [""s-model-papagei""], ""model_family"": [""s-model-papagei""], ""model_name"": [""s-model-papagei""], ""official_code"": [""s-model-papagei""], ""official_weights"": [""s-model-papagei""], ""paper"": [""s-model-papagei""], ""pretraining_scale"": [""s-model-papagei""], ""publication_status"": [""s-model-papagei""], ""sampling_frequency"": [""s-model-papagei""], ""self_supervised"": [""s-model-papagei""], ""sensor_modalities"": [""s-model-papagei""], ""venue"": [""s-model-papagei""], ""wearable_native"": [""s-model-papagei""], ""year"": [""s-model-papagei""]}, ""forecasting"": ""unknown"", ""foundation_model"": true, ""har"": ""unknown"", ""health_prediction"": true, ""id"": ""model-papagei"", ""imputation"": ""unknown"", ""input_type"": ""unknown"", ""last_verified"": ""2026-09-28"", ""license"": ""BSD-3-Clause for code; check weight terms separately"", ""local_kind"": ""models"", ""model_family"": ""Morphology-informed ResNet / mixture of experts"", ""model_name"": ""PaPaGei"", ""multimodal"": ""unknown"", ""n_hours"": ""unknown"", ""n_subjects"": ""unknown"", ""notes"": ""Mixed clinical and wearable optical physiology, not exclusively wearable-native pretraining. Author repository was marked archived on 2026-09-14; archival status does not retract the research."", ""official_code"": ""https://github.com/Nokia-Bell-Labs/papagei-foundation-model"", ""official_weights"": ""https://zenodo.org/records/13983110"", ""paper"": ""https://arxiv.org/abs/2410.20542"", ""parameter_count"": ""unknown"", ""pretraining_dataset"": ""unknown"", ""pretraining_scale"": ""Over 57,000 hours of PPG"", ""publication_status"": ""peer_reviewed"", ""related_ids"": [""paper-papagei""], ""sampling_frequency"": ""125 Hz model input"", ""scope_tier"": ""adjacent"", ""self_supervised"": true, ""sensor_modalities"": [""ppg""], ""sleep"": ""unknown"", ""source_ids"": [""s-model-papagei""], ""venue"": ""ICLR"", ""wearable_native"": false, ""year"": 2025, ""zero_shot"": ""unknown""}"
model-selfpab,model-selfpab-2024,local-v1.2.0,2026-09-28,"{""added_on"": ""2026-09-28"", ""anomaly_detection"": ""unknown"", ""capability_notes"": ""unknown"", ""classification"": true, ""commercial_use"": ""unknown"", ""cross_device"": ""unknown"", ""curation_level"": ""metadata_checked"", ""field_sources"": {""classification"": [""s-model-selfpab""], ""har"": [""s-model-selfpab""], ""last_verified"": [""s-model-selfpab""], ""license"": [""s-model-selfpab""], ""model_family"": [""s-model-selfpab""], ""model_name"": [""s-model-selfpab""], ""official_code"": [""s-model-selfpab""], ""paper"": [""s-model-selfpab""], ""pretraining_dataset"": [""s-model-selfpab""], ""pretraining_scale"": [""s-model-selfpab""], ""publication_status"": [""s-model-selfpab""], ""self_supervised"": [""s-model-selfpab""], ""sensor_modalities"": [""s-model-selfpab""], ""venue"": [""s-model-selfpab""], ""wearable_native"": [""s-model-selfpab""], ""year"": [""s-model-selfpab""]}, ""forecasting"": ""unknown"", ""foundation_model"": ""unknown"", ""har"": true, ""health_prediction"": ""unknown"", ""id"": ""model-selfpab"", ""imputation"": ""unknown"", ""input_type"": ""unknown"", ""last_verified"": ""2026-09-28"", ""license"": ""MIT for code"", ""local_kind"": ""models"", ""model_family"": ""Masked Transformer"", ""model_name"": ""SelfPAB"", ""multimodal"": ""unknown"", ""n_hours"": ""unknown"", ""n_subjects"": ""unknown"", ""notes"": ""Dual-sensor representation model; not every self-supervised model is automatically counted as a foundation model."", ""official_code"": ""https://github.com/ntnu-ai-lab/SelfPAB"", ""official_weights"": ""unknown"", ""paper"": ""https://doi.org/10.1007/s10489-024-05322-3"", ""parameter_count"": ""unknown"", ""pretraining_dataset"": [""HUNT4""], ""pretraining_scale"": ""Large-scale dual-accelerometer pretraining"", ""publication_status"": ""peer_reviewed"", ""related_ids"": [""paper-selfpab""], ""sampling_frequency"": ""unknown"", ""scope_tier"": ""core"", ""self_supervised"": true, ""sensor_modalities"": [""accelerometer""], ""sleep"": ""unknown"", ""source_ids"": [""s-model-selfpab""], ""venue"": ""Applied Intelligence"", ""wearable_native"": true, ""year"": 2024, ""zero_shot"": ""unknown""}"
model-sensorlm,model-sensorlm-2025,local-v1.2.0,2026-09-28,"{""added_on"": ""2026-09-28"", ""anomaly_detection"": ""unknown"", ""capability_notes"": ""unknown"", ""classification"": ""unknown"", ""commercial_use"": ""unknown"", ""cross_device"": ""unknown"", ""curation_level"": ""metadata_checked"", ""field_sources"": {""foundation_model"": [""s-model-sensorlm""], ""last_verified"": [""s-model-sensorlm""], ""model_family"": [""s-model-sensorlm""], ""model_name"": [""s-model-sensorlm""], ""paper"": [""s-model-sensorlm""], ""pretraining_scale"": [""s-model-sensorlm""], ""publication_status"": [""s-model-sensorlm""], ""self_supervised"": [""s-model-sensorlm""], ""sensor_modalities"": [""s-model-sensorlm""], ""venue"": [""s-model-sensorlm""], ""wearable_native"": [""s-model-sensorlm""], ""year"": [""s-model-sensorlm""], ""zero_shot"": [""s-model-sensorlm""]}, ""forecasting"": ""unknown"", ""foundation_model"": true, ""har"": ""unknown"", ""health_prediction"": ""unknown"", ""id"": ""model-sensorlm"", ""imputation"": ""unknown"", ""input_type"": ""unknown"", ""last_verified"": ""2026-09-28"", ""license"": ""unknown"", ""local_kind"": ""models"", ""model_family"": ""Sensor–language contrastive / generative learning"", ""model_name"": ""SensorLM"", ""multimodal"": ""unknown"", ""n_hours"": ""unknown"", ""n_subjects"": ""unknown"", ""notes"": ""Initial paper metadata verified; final archival venue not independently resolved in this pass. Wearable features are not interchangeable with raw PPG waveforms."", ""official_code"": ""unknown"", ""official_weights"": ""unknown"", ""paper"": ""https://arxiv.org/abs/2506.09108"", ""parameter_count"": ""unknown"", ""pretraining_dataset"": ""unknown"", ""pretraining_scale"": ""59.7 million hours from more than 103,000 people"", ""publication_status"": ""preprint"", ""related_ids"": [""paper-sensorlm""], ""sampling_frequency"": ""unknown"", ""scope_tier"": ""core"", ""self_supervised"": true, ""sensor_modalities"": [""accelerometer"", ""heart_rate""], ""sleep"": ""unknown"", ""source_ids"": [""s-model-sensorlm""], ""venue"": ""arXiv"", ""wearable_native"": true, ""year"": 2025, ""zero_shot"": true}"
model-unimts,model-unimts-2024,local-v1.2.0,2026-09-28,"{""added_on"": ""2026-09-28"", ""anomaly_detection"": ""unknown"", ""capability_notes"": ""unknown"", ""classification"": true, ""commercial_use"": ""unknown"", ""cross_device"": ""unknown"", ""curation_level"": ""metadata_checked"", ""field_sources"": {""classification"": [""s-model-unimts""], ""foundation_model"": [""s-model-unimts""], ""har"": [""s-model-unimts""], ""last_verified"": [""s-model-unimts""], ""model_family"": [""s-model-unimts""], ""model_name"": [""s-model-unimts""], ""official_code"": [""s-model-unimts""], ""official_weights"": [""s-model-unimts""], ""paper"": [""s-model-unimts""], ""pretraining_dataset"": [""s-model-unimts""], ""publication_status"": [""s-model-unimts""], ""self_supervised"": [""s-model-unimts""], ""sensor_modalities"": [""s-model-unimts""], ""venue"": [""s-model-unimts""], ""wearable_native"": [""s-model-unimts""], ""year"": [""s-model-unimts""], ""zero_shot"": [""s-model-unimts""]}, ""forecasting"": ""unknown"", ""foundation_model"": true, ""har"": true, ""health_prediction"": ""unknown"", ""id"": ""model-unimts"", ""imputation"": ""unknown"", ""input_type"": ""unknown"", ""last_verified"": ""2026-09-28"", ""license"": ""unknown"", ""local_kind"": ""models"", ""model_family"": ""Graph / language-aligned motion representation"", ""model_name"": ""UniMTS"", ""multimodal"": ""unknown"", ""n_hours"": ""unknown"", ""n_subjects"": ""unknown"", ""notes"": ""Synthetic motion pretraining is explicitly distinct from naturally recorded wearable-native pretraining. Venue in this index remains the verified preprint."", ""official_code"": ""https://github.com/xiyuanzh/UniMTS"", ""official_weights"": ""https://huggingface.co/xiyuanz/UniMTS"", ""paper"": ""https://arxiv.org/abs/2410.19818"", ""parameter_count"": ""unknown"", ""pretraining_dataset"": [""Synthetic IMU generated from motion capture""], ""pretraining_scale"": ""unknown"", ""publication_status"": ""preprint"", ""related_ids"": [""paper-unimts""], ""sampling_frequency"": ""unknown"", ""scope_tier"": ""core"", ""self_supervised"": true, ""sensor_modalities"": [""accelerometer"", ""gyroscope""], ""sleep"": ""unknown"", ""source_ids"": [""s-model-unimts""], ""venue"": ""arXiv"", ""wearable_native"": false, ""year"": 2024, ""zero_shot"": true}"
model-labram,model-labram-2024,local-v1.2.0,2026-09-28,"{""added_on"": ""2026-09-28"", ""anomaly_detection"": ""unknown"", ""capability_notes"": ""unknown"", ""classification"": true, ""commercial_use"": ""unknown"", ""cross_device"": ""unknown"", ""curation_level"": ""metadata_checked"", ""field_sources"": {""classification"": [""s-model-labram""], ""foundation_model"": [""s-model-labram""], ""last_verified"": [""s-model-labram""], ""license"": [""s-model-labram""], ""model_family"": [""s-model-labram""], ""model_name"": [""s-model-labram""], ""official_code"": [""s-model-labram""], ""paper"": [""s-model-labram""], ""pretraining_scale"": [""s-model-labram""], ""publication_status"": [""s-model-labram""], ""sampling_frequency"": [""s-model-labram""], ""self_supervised"": [""s-model-labram""], ""sensor_modalities"": [""s-model-labram""], ""venue"": [""s-model-labram""], ""wearable_native"": [""s-model-labram""], ""year"": [""s-model-labram""]}, ""forecasting"": ""unknown"", ""foundation_model"": true, ""har"": ""unknown"", ""health_prediction"": ""unknown"", ""id"": ""model-labram"", ""imputation"": ""unknown"", ""input_type"": ""unknown"", ""last_verified"": ""2026-09-28"", ""license"": ""MIT for code"", ""local_kind"": ""models"", ""model_family"": ""Vector-quantized masked Transformer"", ""model_name"": ""LaBraM"", ""multimodal"": ""unknown"", ""n_hours"": ""unknown"", ""n_subjects"": ""unknown"", ""notes"": ""EEG transfer resource; heterogeneous clinical/BCI recordings do not establish consumer wearable EEG performance."", ""official_code"": ""https://github.com/935963004/LaBraM"", ""official_weights"": ""unknown"", ""paper"": ""https://openreview.net/forum?id=QzTpTRVtrP"", ""parameter_count"": ""unknown"", ""pretraining_dataset"": ""unknown"", ""pretraining_scale"": ""Approximately 2,500 hours across around 20 EEG datasets"", ""publication_status"": ""peer_reviewed"", ""related_ids"": [""paper-labram""], ""sampling_frequency"": ""200 Hz after preprocessing"", ""scope_tier"": ""adjacent"", ""self_supervised"": true, ""sensor_modalities"": [""eeg""], ""sleep"": ""unknown"", ""source_ids"": [""s-model-labram""], ""venue"": ""ICLR"", ""wearable_native"": false, ""year"": 2024, ""zero_shot"": ""unknown""}"
model-cbramod,model-cbramod-2025,local-v1.2.0,2026-09-28,"{""added_on"": ""2026-09-28"", ""anomaly_detection"": ""unknown"", ""capability_notes"": ""unknown"", ""classification"": true, ""commercial_use"": ""unknown"", ""cross_device"": ""unknown"", ""curation_level"": ""metadata_checked"", ""field_sources"": {""classification"": [""s-model-cbramod""], ""foundation_model"": [""s-model-cbramod""], ""last_verified"": [""s-model-cbramod""], ""license"": [""s-model-cbramod""], ""model_family"": [""s-model-cbramod""], ""model_name"": [""s-model-cbramod""], ""official_code"": [""s-model-cbramod""], ""paper"": [""s-model-cbramod""], ""publication_status"": [""s-model-cbramod""], ""self_supervised"": [""s-model-cbramod""], ""sensor_modalities"": [""s-model-cbramod""], ""venue"": [""s-model-cbramod""], ""wearable_native"": [""s-model-cbramod""], ""year"": [""s-model-cbramod""]}, ""forecasting"": ""unknown"", ""foundation_model"": true, ""har"": ""unknown"", ""health_prediction"": ""unknown"", ""id"": ""model-cbramod"", ""imputation"": ""unknown"", ""input_type"": ""unknown"", ""last_verified"": ""2026-09-28"", ""license"": ""MIT for code"", ""local_kind"": ""models"", ""model_family"": ""Criss-cross masked brain model"", ""model_name"": ""CBraMod"", ""multimodal"": ""unknown"", ""n_hours"": ""unknown"", ""n_subjects"": ""unknown"", ""notes"": ""Cross-montage EEG decoding is not evidence of cross-brand wrist transfer."", ""official_code"": ""https://github.com/wjq-learning/CBraMod"", ""official_weights"": ""unknown"", ""paper"": ""https://openreview.net/forum?id=NPNUHgHF2w"", ""parameter_count"": ""unknown"", ""pretraining_dataset"": ""unknown"", ""pretraining_scale"": ""unknown"", ""publication_status"": ""peer_reviewed"", ""related_ids"": [""paper-cbramod""], ""sampling_frequency"": ""unknown"", ""scope_tier"": ""adjacent"", ""self_supervised"": true, ""sensor_modalities"": [""eeg""], ""sleep"": ""unknown"", ""source_ids"": [""s-model-cbramod""], ""venue"": ""ICLR"", ""wearable_native"": false, ""year"": 2025, ""zero_shot"": ""unknown""}"
model-biot,model-biot-2023,local-v1.2.0,2026-09-28,"{""added_on"": ""2026-09-28"", ""anomaly_detection"": ""unknown"", ""capability_notes"": ""unknown"", ""classification"": true, ""commercial_use"": ""unknown"", ""cross_device"": ""unknown"", ""curation_level"": ""metadata_checked"", ""field_sources"": {""classification"": [""s-model-biot""], ""foundation_model"": [""s-model-biot""], ""last_verified"": [""s-model-biot""], ""license"": [""s-model-biot""], ""model_family"": [""s-model-biot""], ""model_name"": [""s-model-biot""], ""official_code"": [""s-model-biot""], ""paper"": [""s-model-biot""], ""publication_status"": [""s-model-biot""], ""self_supervised"": [""s-model-biot""], ""sensor_modalities"": [""s-model-biot""], ""venue"": [""s-model-biot""], ""wearable_native"": [""s-model-biot""], ""year"": [""s-model-biot""]}, ""forecasting"": ""unknown"", ""foundation_model"": true, ""har"": ""unknown"", ""health_prediction"": ""unknown"", ""id"": ""model-biot"", ""imputation"": ""unknown"", ""input_type"": ""unknown"", ""last_verified"": ""2026-09-28"", ""license"": ""MIT for code"", ""local_kind"": ""models"", ""model_family"": ""Cross-data biosignal Transformer"", ""model_name"": ""BIOT"", ""multimodal"": ""unknown"", ""n_hours"": ""unknown"", ""n_subjects"": ""unknown"", ""notes"": ""Primary released pretraining focuses on EEG; biosignal transfer is not universal cross-modality clinical validity."", ""official_code"": ""https://github.com/ycq091044/BIOT"", ""official_weights"": ""unknown"", ""paper"": ""https://openreview.net/forum?id=c2LZyTyddi"", ""parameter_count"": ""unknown"", ""pretraining_dataset"": ""unknown"", ""pretraining_scale"": ""unknown"", ""publication_status"": ""peer_reviewed"", ""related_ids"": [""paper-biot""], ""sampling_frequency"": ""unknown"", ""scope_tier"": ""adjacent"", ""self_supervised"": true, ""sensor_modalities"": [""eeg"", ""ecg""], ""sleep"": ""unknown"", ""source_ids"": [""s-model-biot""], ""venue"": ""NeurIPS"", ""wearable_native"": false, ""year"": 2023, ""zero_shot"": ""unknown""}"
model-bendr,model-bendr-2021,local-v1.2.0,2026-09-28,"{""added_on"": ""2026-09-28"", ""anomaly_detection"": ""unknown"", ""capability_notes"": ""unknown"", ""classification"": true, ""commercial_use"": ""unknown"", ""cross_device"": ""unknown"", ""curation_level"": ""metadata_checked"", ""field_sources"": {""classification"": [""s-model-bendr""], ""last_verified"": [""s-model-bendr""], ""model_family"": [""s-model-bendr""], ""model_name"": [""s-model-bendr""], ""official_code"": [""s-model-bendr""], ""official_weights"": [""s-model-bendr""], ""paper"": [""s-model-bendr""], ""self_supervised"": [""s-model-bendr""], ""sensor_modalities"": [""s-model-bendr""], ""wearable_native"": [""s-model-bendr""]}, ""forecasting"": ""unknown"", ""foundation_model"": ""unknown"", ""har"": ""unknown"", ""health_prediction"": ""unknown"", ""id"": ""model-bendr"", ""imputation"": ""unknown"", ""input_type"": ""unknown"", ""last_verified"": ""2026-09-28"", ""license"": ""unknown"", ""local_kind"": ""models"", ""model_family"": ""Convolutional encoder and contrastive Transformer"", ""model_name"": ""BENDR"", ""multimodal"": ""unknown"", ""n_hours"": ""unknown"", ""n_subjects"": ""unknown"", ""notes"": ""Author code and release locator verified. Publication year and archival identifier await dedicated bibliographic checking."", ""official_code"": ""https://github.com/SPOClab-ca/BENDR"", ""official_weights"": ""https://github.com/SPOClab-ca/BENDR/releases/tag/v0.1-alpha"", ""paper"": ""https://github.com/SPOClab-ca/BENDR"", ""parameter_count"": ""unknown"", ""pretraining_dataset"": ""unknown"", ""pretraining_scale"": ""unknown"", ""publication_status"": ""unknown"", ""related_ids"": [""paper-bendr""], ""sampling_frequency"": ""unknown"", ""scope_tier"": ""adjacent"", ""self_supervised"": true, ""sensor_modalities"": [""eeg""], ""sleep"": ""unknown"", ""source_ids"": [""s-model-bendr""], ""venue"": ""unknown"", ""wearable_native"": false, ""year"": ""unknown"", ""zero_shot"": ""unknown""}"
model-sleepfm,model-sleepfm-clinical-2026,local-v1.2.0,2026-09-28,"{""added_on"": ""2026-09-28"", ""anomaly_detection"": ""unknown"", ""capability_notes"": ""unknown"", ""classification"": ""unknown"", ""commercial_use"": ""unknown"", ""cross_device"": ""unknown"", ""curation_level"": ""metadata_checked"", ""field_sources"": {""foundation_model"": [""s-model-sleepfm""], ""health_prediction"": [""s-model-sleepfm""], ""last_verified"": [""s-model-sleepfm""], ""model_family"": [""s-model-sleepfm""], ""model_name"": [""s-model-sleepfm""], ""multimodal"": [""s-model-sleepfm""], ""official_code"": [""s-model-sleepfm""], ""paper"": [""s-model-sleepfm""], ""publication_status"": [""s-model-sleepfm""], ""self_supervised"": [""s-model-sleepfm""], ""sensor_modalities"": [""s-model-sleepfm""], ""sleep"": [""s-model-sleepfm""], ""venue"": [""s-model-sleepfm""], ""wearable_native"": [""s-model-sleepfm""], ""year"": [""s-model-sleepfm""]}, ""forecasting"": ""unknown"", ""foundation_model"": true, ""har"": ""unknown"", ""health_prediction"": true, ""id"": ""model-sleepfm"", ""imputation"": ""unknown"", ""input_type"": ""unknown"", ""last_verified"": ""2026-09-28"", ""license"": ""unknown"", ""local_kind"": ""models"", ""model_family"": ""Multimodal sleep foundation model"", ""model_name"": ""SleepFM"", ""multimodal"": true, ""n_hours"": ""unknown"", ""n_subjects"": ""unknown"", ""notes"": ""Clinical polysomnography and linked outcomes; not equivalent to inference from a consumer wrist device. Access conditions differ by cohort."", ""official_code"": ""https://github.com/zou-group/sleepfm-clinical"", ""official_weights"": ""unknown"", ""paper"": ""https://www.nature.com/articles/s41591-025-04133-4"", ""parameter_count"": ""unknown"", ""pretraining_dataset"": ""unknown"", ""pretraining_scale"": ""unknown"", ""publication_status"": ""peer_reviewed"", ""related_ids"": [""paper-sleepfm""], ""sampling_frequency"": ""unknown"", ""scope_tier"": ""adjacent"", ""self_supervised"": true, ""sensor_modalities"": [""eeg"", ""ecg"", ""respiration""], ""sleep"": true, ""source_ids"": [""s-model-sleepfm""], ""venue"": ""Nature Medicine"", ""wearable_native"": false, ""year"": 2026, ""zero_shot"": ""unknown""}"
model-gluformer,model-gluformer-2026,local-v1.2.0,2026-09-28,"{""added_on"": ""2026-09-28"", ""anomaly_detection"": ""unknown"", ""capability_notes"": ""unknown"", ""classification"": ""unknown"", ""commercial_use"": ""unknown"", ""cross_device"": true, ""curation_level"": ""metadata_checked"", ""field_sources"": {""cross_device"": [""s-model-gluformer""], ""forecasting"": [""s-model-gluformer""], ""foundation_model"": [""s-model-gluformer""], ""health_prediction"": [""s-model-gluformer""], ""last_verified"": [""s-model-gluformer""], ""model_family"": [""s-model-gluformer""], ""model_name"": [""s-model-gluformer""], ""n_subjects"": [""s-model-gluformer""], ""official_code"": [""s-model-gluformer""], ""paper"": [""s-model-gluformer""], ""pretraining_scale"": [""s-model-gluformer""], ""publication_status"": [""s-model-gluformer""], ""self_supervised"": [""s-model-gluformer""], ""sensor_modalities"": [""s-model-gluformer""], ""venue"": [""s-model-gluformer""], ""wearable_native"": [""s-model-gluformer""], ""year"": [""s-model-gluformer""]}, ""forecasting"": true, ""foundation_model"": true, ""har"": ""unknown"", ""health_prediction"": true, ""id"": ""model-gluformer"", ""imputation"": ""unknown"", ""input_type"": ""unknown"", ""last_verified"": ""2026-09-28"", ""license"": ""unknown"", ""local_kind"": ""models"", ""model_family"": ""Autoregressive glucose Transformer"", ""model_name"": ""GluFormer"", ""multimodal"": ""unknown"", ""n_hours"": ""unknown"", ""n_subjects"": 10812, ""notes"": ""Continuous interstitial glucose sensing is included as body-worn sensing. Cross-cohort predictive evidence is not a treatment-effect estimate."", ""official_code"": ""https://github.com/Guylu/GluFormer"", ""official_weights"": ""unknown"", ""paper"": ""https://www.nature.com/articles/s41586-025-09925-9"", ""parameter_count"": ""unknown"", ""pretraining_dataset"": ""unknown"", ""pretraining_scale"": ""More than 10 million glucose measurements"", ""publication_status"": ""peer_reviewed"", ""related_ids"": [""paper-gluformer""], ""sampling_frequency"": ""unknown"", ""scope_tier"": ""core"", ""self_supervised"": true, ""sensor_modalities"": [""cgm""], ""sleep"": ""unknown"", ""source_ids"": [""s-model-gluformer""], ""venue"": ""Nature"", ""wearable_native"": true, ""year"": 2026, ""zero_shot"": ""unknown""}"
model-glucofm,model-glucofm-2026,local-v1.2.0,2026-09-28,"{""added_on"": ""2026-09-28"", ""anomaly_detection"": ""unknown"", ""capability_notes"": ""unknown"", ""classification"": ""unknown"", ""commercial_use"": ""unknown"", ""cross_device"": ""unknown"", ""curation_level"": ""metadata_checked"", ""field_sources"": {""foundation_model"": [""s-model-glucofm""], ""health_prediction"": [""s-model-glucofm""], ""last_verified"": [""s-model-glucofm""], ""model_family"": [""s-model-glucofm""], ""model_name"": [""s-model-glucofm""], ""n_hours"": [""s-model-glucofm""], ""n_subjects"": [""s-model-glucofm""], ""paper"": [""s-model-glucofm""], ""publication_status"": [""s-model-glucofm""], ""self_supervised"": [""s-model-glucofm""], ""sensor_modalities"": [""s-model-glucofm""], ""venue"": [""s-model-glucofm""], ""wearable_native"": [""s-model-glucofm""], ""year"": [""s-model-glucofm""]}, ""forecasting"": ""unknown"", ""foundation_model"": true, ""har"": ""unknown"", ""health_prediction"": true, ""id"": ""model-glucofm"", ""imputation"": ""unknown"", ""input_type"": ""unknown"", ""last_verified"": ""2026-09-28"", ""license"": ""unknown"", ""local_kind"": ""models"", ""model_family"": ""Slow-state / transient-event dual stream"", ""model_name"": ""GlucoFM"", ""multimodal"": ""unknown"", ""n_hours"": 109066, ""n_subjects"": 477, ""notes"": ""Separate model from GluFormer. Source describes linear probing and transfer, not proof of clinical benefit or a deployed intervention."", ""official_code"": ""unknown"", ""official_weights"": ""unknown"", ""paper"": ""https://arxiv.org/abs/2605.30865"", ""parameter_count"": ""unknown"", ""pretraining_dataset"": ""unknown"", ""pretraining_scale"": ""unknown"", ""publication_status"": ""preprint"", ""related_ids"": [""paper-glucofm""], ""sampling_frequency"": ""unknown"", ""scope_tier"": ""core"", ""self_supervised"": true, ""sensor_modalities"": [""cgm""], ""sleep"": ""unknown"", ""source_ids"": [""s-model-glucofm""], ""venue"": ""arXiv"", ""wearable_native"": true, ""year"": 2026, ""zero_shot"": ""unknown""}"
paper-harnet,model-ssl-wearables-700k-days-2024,local-v1.2.0,2026-09-28,"{""added_on"": ""2026-09-28"", ""arxiv_id"": ""unknown"", ""authors"": [""Hang Yuan"", ""Shing Chan"", ""Andrew P. Creagh"", ""Catherine Tong"", ""Aidan Acquah"", ""David A. Clifton"", ""Aiden Doherty""], ""category"": ""representation_learning"", ""code"": ""https://github.com/OxWearables/ssl-wearables"", ""curation_level"": ""metadata_checked"", ""dataset"": ""unknown"", ""doi"": ""10.1038/s41746-024-01062-3"", ""field_sources"": {""authors"": [""s-model-harnet""], ""code"": [""s-model-harnet""], ""doi"": [""s-model-harnet""], ""foundation_model"": [""s-model-harnet""], ""last_verified"": [""s-model-harnet""], ""publication_status"": [""s-model-harnet""], ""review_or_method"": [""s-model-harnet""], ""sensor"": [""s-model-harnet""], ""title"": [""s-model-harnet""], ""url"": [""s-model-harnet""], ""venue"": [""s-model-harnet""], ""year"": [""s-model-harnet""]}, ""foundation_model"": true, ""id"": ""paper-harnet"", ""last_verified"": ""2026-09-28"", ""local_kind"": ""papers"", ""notes"": ""unknown"", ""open_access"": ""unknown"", ""publication_status"": ""peer_reviewed"", ""related_ids"": [""model-harnet""], ""review_or_method"": ""method"", ""scope_tier"": ""core"", ""sensor"": [""accelerometer""], ""source_ids"": [""s-model-harnet""], ""subcategory"": ""unknown"", ""task"": [""har""], ""title"": ""Self-supervised learning for human activity recognition using 700,000 person-days of wearable data"", ""url"": ""https://doi.org/10.1038/s41746-024-01062-3"", ""venue"": ""npj Digital Medicine"", ""year"": 2024}"
paper-relcon,model-relcon-2025,local-v1.2.0,2026-09-28,"{""added_on"": ""2026-09-28"", ""arxiv_id"": ""unknown"", ""authors"": ""unknown"", ""category"": ""representation_learning"", ""code"": ""https://github.com/maxxu05/relcon"", ""curation_level"": ""metadata_checked"", ""dataset"": ""unknown"", ""doi"": ""unknown"", ""field_sources"": {""code"": [""s-model-relcon""], ""foundation_model"": [""s-model-relcon""], ""last_verified"": [""s-model-relcon""], ""publication_status"": [""s-model-relcon""], ""review_or_method"": [""s-model-relcon""], ""sensor"": [""s-model-relcon""], ""title"": [""s-model-relcon""], ""url"": [""s-model-relcon""], ""venue"": [""s-model-relcon""], ""year"": [""s-model-relcon""]}, ""foundation_model"": true, ""id"": ""paper-relcon"", ""last_verified"": ""2026-09-28"", ""local_kind"": ""papers"", ""notes"": ""unknown"", ""open_access"": ""unknown"", ""publication_status"": ""peer_reviewed"", ""related_ids"": [""model-relcon""], ""review_or_method"": ""method"", ""scope_tier"": ""core"", ""sensor"": [""accelerometer""], ""source_ids"": [""s-model-relcon""], ""subcategory"": ""unknown"", ""task"": [""har""], ""title"": ""RelCon: Relative Contrastive Learning for a Motion Foundation Model for Wearable Data"", ""url"": ""https://openreview.net/forum?id=k2uUeLCrQq"", ""venue"": ""ICLR"", ""year"": 2025}"
paper-normwear,model-normwear-2026,local-v1.2.0,2026-09-28,"{""added_on"": ""2026-09-28"", ""arxiv_id"": ""unknown"", ""authors"": [""Yunfei Luo"", ""Yuliang Chen"", ""Asif Salekin"", ""Tauhidur Rahman""], ""category"": ""representation_learning"", ""code"": ""https://github.com/Mobile-Sensing-and-UbiComp-Laboratory/NormWear"", ""curation_level"": ""metadata_checked"", ""dataset"": ""unknown"", ""doi"": ""10.1145/3803808"", ""field_sources"": {""authors"": [""s-model-normwear""], ""code"": [""s-model-normwear""], ""doi"": [""s-model-normwear""], ""foundation_model"": [""s-model-normwear""], ""last_verified"": [""s-model-normwear""], ""publication_status"": [""s-model-normwear""], ""review_or_method"": [""s-model-normwear""], ""sensor"": [""s-model-normwear""], ""title"": [""s-model-normwear""], ""url"": [""s-model-normwear""], ""venue"": [""s-model-normwear""], ""year"": [""s-model-normwear""]}, ""foundation_model"": true, ""id"": ""paper-normwear"", ""last_verified"": ""2026-09-28"", ""local_kind"": ""papers"", ""notes"": ""unknown"", ""open_access"": ""unknown"", ""publication_status"": ""peer_reviewed"", ""related_ids"": [""model-normwear""], ""review_or_method"": ""method"", ""scope_tier"": ""core"", ""sensor"": [""accelerometer"", ""ppg"", ""ecg"", ""eda""], ""source_ids"": [""s-model-normwear""], ""subcategory"": ""unknown"", ""task"": [""representation_learning""], ""title"": ""Toward Foundation Model for Multivariate Wearable Sensing of Physiological Signals"", ""url"": ""https://doi.org/10.1145/3803808"", ""venue"": ""IMWUT"", ""year"": 2026}"
paper-papagei,model-papagei-2025,local-v1.2.0,2026-09-28,"{""added_on"": ""2026-09-28"", ""arxiv_id"": ""unknown"", ""authors"": [""Arvind Pillai"", ""Dimitris Spathis"", ""Fahim Kawsar"", ""Mohammad Malekzadeh""], ""category"": ""representation_learning"", ""code"": ""https://github.com/Nokia-Bell-Labs/papagei-foundation-model"", ""curation_level"": ""metadata_checked"", ""dataset"": ""unknown"", ""doi"": ""unknown"", ""field_sources"": {""authors"": [""s-model-papagei""], ""code"": [""s-model-papagei""], ""foundation_model"": [""s-model-papagei""], ""last_verified"": [""s-model-papagei""], ""publication_status"": [""s-model-papagei""], ""review_or_method"": [""s-model-papagei""], ""sensor"": [""s-model-papagei""], ""title"": [""s-model-papagei""], ""url"": [""s-model-papagei""], ""venue"": [""s-model-papagei""], ""year"": [""s-model-papagei""]}, ""foundation_model"": true, ""id"": ""paper-papagei"", ""last_verified"": ""2026-09-28"", ""local_kind"": ""papers"", ""notes"": ""unknown"", ""open_access"": ""unknown"", ""publication_status"": ""peer_reviewed"", ""related_ids"": [""model-papagei""], ""review_or_method"": ""method"", ""scope_tier"": ""adjacent"", ""sensor"": [""ppg""], ""source_ids"": [""s-model-papagei""], ""subcategory"": ""unknown"", ""task"": [""representation_learning""], ""title"": ""PaPaGei: Open Foundation Models for Optical Physiological Signals"", ""url"": ""https://arxiv.org/abs/2410.20542"", ""venue"": ""ICLR"", ""year"": 2025}"
paper-selfpab,model-selfpab-2024,local-v1.2.0,2026-09-28,"{""added_on"": ""2026-09-28"", ""arxiv_id"": ""unknown"", ""authors"": [""Aleksej Logacjov"", ""Sverre Herland"", ""Astrid Ustad"", ""Kerstin Bach""], ""category"": ""representation_learning"", ""code"": ""https://github.com/ntnu-ai-lab/SelfPAB"", ""curation_level"": ""metadata_checked"", ""dataset"": ""unknown"", ""doi"": ""10.1007/s10489-024-05322-3"", ""field_sources"": {""authors"": [""s-model-selfpab""], ""code"": [""s-model-selfpab""], ""doi"": [""s-model-selfpab""], ""last_verified"": [""s-model-selfpab""], ""publication_status"": [""s-model-selfpab""], ""review_or_method"": [""s-model-selfpab""], ""sensor"": [""s-model-selfpab""], ""title"": [""s-model-selfpab""], ""url"": [""s-model-selfpab""], ""venue"": [""s-model-selfpab""], ""year"": [""s-model-selfpab""]}, ""foundation_model"": ""unknown"", ""id"": ""paper-selfpab"", ""last_verified"": ""2026-09-28"", ""local_kind"": ""papers"", ""notes"": ""unknown"", ""open_access"": ""unknown"", ""publication_status"": ""peer_reviewed"", ""related_ids"": [""model-selfpab""], ""review_or_method"": ""method"", ""scope_tier"": ""core"", ""sensor"": [""accelerometer""], ""source_ids"": [""s-model-selfpab""], ""subcategory"": ""unknown"", ""task"": [""har""], ""title"": ""SelfPAB: Large-Scale Pre-Training on Accelerometer Data for Human Activity Recognition"", ""url"": ""https://doi.org/10.1007/s10489-024-05322-3"", ""venue"": ""Applied Intelligence"", ""year"": 2024}"
paper-sensorlm,model-sensorlm-2025,local-v1.2.0,2026-09-28,"{""added_on"": ""2026-09-28"", ""arxiv_id"": ""unknown"", ""authors"": ""unknown"", ""category"": ""representation_learning"", ""code"": ""unknown"", ""curation_level"": ""metadata_checked"", ""dataset"": ""unknown"", ""doi"": ""unknown"", ""field_sources"": {""foundation_model"": [""s-model-sensorlm""], ""last_verified"": [""s-model-sensorlm""], ""publication_status"": [""s-model-sensorlm""], ""review_or_method"": [""s-model-sensorlm""], ""sensor"": [""s-model-sensorlm""], ""title"": [""s-model-sensorlm""], ""url"": [""s-model-sensorlm""], ""venue"": [""s-model-sensorlm""], ""year"": [""s-model-sensorlm""]}, ""foundation_model"": true, ""id"": ""paper-sensorlm"", ""last_verified"": ""2026-09-28"", ""local_kind"": ""papers"", ""notes"": ""unknown"", ""open_access"": ""unknown"", ""publication_status"": ""preprint"", ""related_ids"": [""model-sensorlm""], ""review_or_method"": ""method"", ""scope_tier"": ""core"", ""sensor"": [""accelerometer"", ""heart_rate""], ""source_ids"": [""s-model-sensorlm""], ""subcategory"": ""unknown"", ""task"": [""representation_learning""], ""title"": ""SensorLM: Learning the Language of Wearable Sensors"", ""url"": ""https://arxiv.org/abs/2506.09108"", ""venue"": ""arXiv"", ""year"": 2025}"
paper-unimts,model-unimts-2024,local-v1.2.0,2026-09-28,"{""added_on"": ""2026-09-28"", ""arxiv_id"": ""unknown"", ""authors"": ""unknown"", ""category"": ""representation_learning"", ""code"": ""https://github.com/xiyuanzh/UniMTS"", ""curation_level"": ""metadata_checked"", ""dataset"": ""unknown"", ""doi"": ""unknown"", ""field_sources"": {""code"": [""s-model-unimts""], ""foundation_model"": [""s-model-unimts""], ""last_verified"": [""s-model-unimts""], ""publication_status"": [""s-model-unimts""], ""review_or_method"": [""s-model-unimts""], ""sensor"": [""s-model-unimts""], ""title"": [""s-model-unimts""], ""url"": [""s-model-unimts""], ""venue"": [""s-model-unimts""], ""year"": [""s-model-unimts""]}, ""foundation_model"": true, ""id"": ""paper-unimts"", ""last_verified"": ""2026-09-28"", ""local_kind"": ""papers"", ""notes"": ""unknown"", ""open_access"": ""unknown"", ""publication_status"": ""preprint"", ""related_ids"": [""model-unimts""], ""review_or_method"": ""method"", ""scope_tier"": ""core"", ""sensor"": [""accelerometer"", ""gyroscope""], ""source_ids"": [""s-model-unimts""], ""subcategory"": ""unknown"", ""task"": [""har""], ""title"": ""UniMTS: Unified Pre-training for Motion Time Series"", ""url"": ""https://arxiv.org/abs/2410.19818"", ""venue"": ""arXiv"", ""year"": 2024}"
paper-labram,model-labram-2024,local-v1.2.0,2026-09-28,"{""added_on"": ""2026-09-28"", ""arxiv_id"": ""unknown"", ""authors"": [""Wei-Bang Jiang"", ""Li-Ming Zhao"", ""Bao-Liang Lu""], ""category"": ""representation_learning"", ""code"": ""https://github.com/935963004/LaBraM"", ""curation_level"": ""metadata_checked"", ""dataset"": ""unknown"", ""doi"": ""unknown"", ""field_sources"": {""authors"": [""s-model-labram""], ""code"": [""s-model-labram""], ""foundation_model"": [""s-model-labram""], ""last_verified"": [""s-model-labram""], ""publication_status"": [""s-model-labram""], ""review_or_method"": [""s-model-labram""], ""sensor"": [""s-model-labram""], ""title"": [""s-model-labram""], ""url"": [""s-model-labram""], ""venue"": [""s-model-labram""], ""year"": [""s-model-labram""]}, ""foundation_model"": true, ""id"": ""paper-labram"", ""last_verified"": ""2026-09-28"", ""local_kind"": ""papers"", ""notes"": ""unknown"", ""open_access"": ""unknown"", ""publication_status"": ""peer_reviewed"", ""related_ids"": [""model-labram""], ""review_or_method"": ""method"", ""scope_tier"": ""adjacent"", ""sensor"": [""eeg""], ""source_ids"": [""s-model-labram""], ""subcategory"": ""unknown"", ""task"": [""representation_learning""], ""title"": ""Large Brain Model for Learning Generic Representations with Tremendous EEG Data in BCI"", ""url"": ""https://openreview.net/forum?id=QzTpTRVtrP"", ""venue"": ""ICLR"", ""year"": 2024}"
paper-biot,model-biot-2023,local-v1.2.0,2026-09-28,"{""added_on"": ""2026-09-28"", ""arxiv_id"": ""unknown"", ""authors"": [""Chaoqi Yang"", ""M. Brandon Westover"", ""Jimeng Sun""], ""category"": ""representation_learning"", ""code"": ""https://github.com/ycq091044/BIOT"", ""curation_level"": ""metadata_checked"", ""dataset"": ""unknown"", ""doi"": ""unknown"", ""field_sources"": {""authors"": [""s-model-biot""], ""code"": [""s-model-biot""], ""foundation_model"": [""s-model-biot""], ""last_verified"": [""s-model-biot""], ""publication_status"": [""s-model-biot""], ""review_or_method"": [""s-model-biot""], ""sensor"": [""s-model-biot""], ""title"": [""s-model-biot""], ""url"": [""s-model-biot""], ""venue"": [""s-model-biot""], ""year"": [""s-model-biot""]}, ""foundation_model"": true, ""id"": ""paper-biot"", ""last_verified"": ""2026-09-28"", ""local_kind"": ""papers"", ""notes"": ""unknown"", ""open_access"": ""unknown"", ""publication_status"": ""peer_reviewed"", ""related_ids"": [""model-biot""], ""review_or_method"": ""method"", ""scope_tier"": ""adjacent"", ""sensor"": [""eeg"", ""ecg""], ""source_ids"": [""s-model-biot""], ""subcategory"": ""unknown"", ""task"": [""representation_learning""], ""title"": ""BIOT: Biosignal Transformer for Cross-data Learning in the Wild"", ""url"": ""https://openreview.net/forum?id=c2LZyTyddi"", ""venue"": ""NeurIPS"", ""year"": 2023}"
paper-bendr,model-bendr-2021,local-v1.2.0,2026-09-28,"{""added_on"": ""2026-09-28"", ""arxiv_id"": ""unknown"", ""authors"": ""unknown"", ""category"": ""representation_learning"", ""code"": ""https://github.com/SPOClab-ca/BENDR"", ""curation_level"": ""metadata_checked"", ""dataset"": ""unknown"", ""doi"": ""unknown"", ""field_sources"": {""code"": [""s-model-bendr""], ""last_verified"": [""s-model-bendr""], ""review_or_method"": [""s-model-bendr""], ""sensor"": [""s-model-bendr""], ""title"": [""s-model-bendr""], ""url"": [""s-model-bendr""]}, ""foundation_model"": ""unknown"", ""id"": ""paper-bendr"", ""last_verified"": ""2026-09-28"", ""local_kind"": ""papers"", ""notes"": ""unknown"", ""open_access"": ""unknown"", ""publication_status"": ""unknown"", ""related_ids"": [""model-bendr""], ""review_or_method"": ""method"", ""scope_tier"": ""adjacent"", ""sensor"": [""eeg""], ""source_ids"": [""s-model-bendr""], ""subcategory"": ""unknown"", ""task"": [""representation_learning""], ""title"": ""BENDR: using transformers and a contrastive self-supervised learning task to learn from massive amounts of EEG data"", ""url"": ""https://github.com/SPOClab-ca/BENDR"", ""venue"": ""unknown"", ""year"": ""unknown""}"
paper-sleepfm,model-sleepfm-clinical-2026,local-v1.2.0,2026-09-28,"{""added_on"": ""2026-09-28"", ""arxiv_id"": ""unknown"", ""authors"": ""unknown"", ""category"": ""representation_learning"", ""code"": ""https://github.com/zou-group/sleepfm-clinical"", ""curation_level"": ""metadata_checked"", ""dataset"": ""unknown"", ""doi"": ""10.1038/s41591-025-04133-4"", ""field_sources"": {""code"": [""s-model-sleepfm""], ""doi"": [""s-model-sleepfm""], ""foundation_model"": [""s-model-sleepfm""], ""last_verified"": [""s-model-sleepfm""], ""publication_status"": [""s-model-sleepfm""], ""review_or_method"": [""s-model-sleepfm""], ""sensor"": [""s-model-sleepfm""], ""title"": [""s-model-sleepfm""], ""url"": [""s-model-sleepfm""], ""venue"": [""s-model-sleepfm""], ""year"": [""s-model-sleepfm""]}, ""foundation_model"": true, ""id"": ""paper-sleepfm"", ""last_verified"": ""2026-09-28"", ""local_kind"": ""papers"", ""notes"": ""unknown"", ""open_access"": ""unknown"", ""publication_status"": ""peer_reviewed"", ""related_ids"": [""model-sleepfm""], ""review_or_method"": ""method"", ""scope_tier"": ""adjacent"", ""sensor"": [""eeg"", ""ecg"", ""respiration""], ""source_ids"": [""s-model-sleepfm""], ""subcategory"": ""unknown"", ""task"": [""sleep""], ""title"": ""A multimodal sleep foundation model for disease prediction"", ""url"": ""https://www.nature.com/articles/s41591-025-04133-4"", ""venue"": ""Nature Medicine"", ""year"": 2026}"
paper-gluformer,model-gluformer-2026,local-v1.2.0,2026-09-28,"{""added_on"": ""2026-09-28"", ""arxiv_id"": ""unknown"", ""authors"": ""unknown"", ""category"": ""representation_learning"", ""code"": ""https://github.com/Guylu/GluFormer"", ""curation_level"": ""metadata_checked"", ""dataset"": ""unknown"", ""doi"": ""10.1038/s41586-025-09925-9"", ""field_sources"": {""code"": [""s-model-gluformer""], ""doi"": [""s-model-gluformer""], ""foundation_model"": [""s-model-gluformer""], ""last_verified"": [""s-model-gluformer""], ""publication_status"": [""s-model-gluformer""], ""review_or_method"": [""s-model-gluformer""], ""sensor"": [""s-model-gluformer""], ""title"": [""s-model-gluformer""], ""url"": [""s-model-gluformer""], ""venue"": [""s-model-gluformer""], ""year"": [""s-model-gluformer""]}, ""foundation_model"": true, ""id"": ""paper-gluformer"", ""last_verified"": ""2026-09-28"", ""local_kind"": ""papers"", ""notes"": ""unknown"", ""open_access"": ""unknown"", ""publication_status"": ""peer_reviewed"", ""related_ids"": [""model-gluformer""], ""review_or_method"": ""method"", ""scope_tier"": ""core"", ""sensor"": [""cgm""], ""source_ids"": [""s-model-gluformer""], ""subcategory"": ""unknown"", ""task"": [""representation_learning""], ""title"": ""A foundation model for continuous glucose monitoring data"", ""url"": ""https://www.nature.com/articles/s41586-025-09925-9"", ""venue"": ""Nature"", ""year"": 2026}"
paper-glucofm,model-glucofm-2026,local-v1.2.0,2026-09-28,"{""added_on"": ""2026-09-28"", ""arxiv_id"": ""unknown"", ""authors"": ""unknown"", ""category"": ""representation_learning"", ""code"": ""unknown"", ""curation_level"": ""metadata_checked"", ""dataset"": ""unknown"", ""doi"": ""unknown"", ""field_sources"": {""foundation_model"": [""s-model-glucofm""], ""last_verified"": [""s-model-glucofm""], ""publication_status"": [""s-model-glucofm""], ""review_or_method"": [""s-model-glucofm""], ""sensor"": [""s-model-glucofm""], ""title"": [""s-model-glucofm""], ""url"": [""s-model-glucofm""], ""venue"": [""s-model-glucofm""], ""year"": [""s-model-glucofm""]}, ""foundation_model"": true, ""id"": ""paper-glucofm"", ""last_verified"": ""2026-09-28"", ""local_kind"": ""papers"", ""notes"": ""unknown"", ""open_access"": ""unknown"", ""publication_status"": ""preprint"", ""related_ids"": [""model-glucofm""], ""review_or_method"": ""method"", ""scope_tier"": ""core"", ""sensor"": [""cgm""], ""source_ids"": [""s-model-glucofm""], ""subcategory"": ""unknown"", ""task"": [""representation_learning""], ""title"": ""GlucoFM: A Dual-Stream Foundation Model for Continuous Glucose Monitoring"", ""url"": ""https://arxiv.org/abs/2605.30865"", ""venue"": ""arXiv"", ""year"": 2026}"
paper-motr,method-motr,local-v1.2.0,2026-09-28,"{""added_on"": ""2026-09-28"", ""arxiv_id"": ""unknown"", ""authors"": [""Eric J. Daza"", ""Igor Matias"", ""Logan Schneider""], ""category"": ""causal-function-intervention"", ""code"": ""https://github.com/ericjdaza/motr-pstn"", ""curation_level"": ""metadata_checked"", ""dataset"": ""unknown"", ""doi"": ""10.1002/sim.70290"", ""field_sources"": {""authors"": [""causal-src-motr""], ""code"": [""causal-src-motr""], ""doi"": [""causal-src-motr""], ""last_verified"": [""causal-src-motr""], ""publication_status"": [""causal-src-motr""], ""sensor"": [""causal-src-motr""], ""title"": [""causal-src-motr""], ""url"": [""causal-src-motr""], ""venue"": [""causal-src-motr""], ""year"": [""causal-src-motr""]}, ""foundation_model"": ""unknown"", ""id"": ""paper-motr"", ""last_verified"": ""2026-09-28"", ""local_kind"": ""papers"", ""notes"": ""Source-linked thematic addition. See the causal profile for claim and validation boundaries."", ""open_access"": ""unknown"", ""publication_status"": ""peer_reviewed"", ""related_ids"": [], ""review_or_method"": ""unknown"", ""scope_tier"": ""core"", ""sensor"": [""steps"", ""sleep_summary""], ""source_ids"": [""causal-src-motr""], ""subcategory"": ""motr"", ""task"": [""causal_inference""], ""title"": ""Model-Twin Randomization (MoTR) for Estimating the Recurring Individual Treatment Effect"", ""url"": ""https://onlinelibrary.wiley.com/doi/10.1002/sim.70290"", ""venue"": ""Statistics in Medicine"", ""year"": 2025}"
paper-crn,method-crn-2020,local-v1.2.0,2026-09-28,"{""added_on"": ""2026-09-28"", ""arxiv_id"": ""2002.04083"", ""authors"": [""Ioana Bica"", ""Ahmed M. Alaa"", ""James Jordon"", ""Mihaela van der Schaar""], ""category"": ""causal-function-intervention"", ""code"": ""unknown"", ""curation_level"": ""metadata_checked"", ""dataset"": ""unknown"", ""doi"": ""unknown"", ""field_sources"": {""arxiv_id"": [""causal-src-crn""], ""authors"": [""causal-src-crn""], ""last_verified"": [""causal-src-crn""], ""publication_status"": [""causal-src-crn""], ""title"": [""causal-src-crn""], ""url"": [""causal-src-crn""], ""venue"": [""causal-src-crn""], ""year"": [""causal-src-crn""]}, ""foundation_model"": ""unknown"", ""id"": ""paper-crn"", ""last_verified"": ""2026-09-28"", ""local_kind"": ""papers"", ""notes"": ""Source-linked thematic addition. See the causal profile for claim and validation boundaries."", ""open_access"": ""unknown"", ""publication_status"": ""peer_reviewed"", ""related_ids"": [], ""review_or_method"": ""unknown"", ""scope_tier"": ""adjacent"", ""sensor"": ""unknown"", ""source_ids"": [""causal-src-crn""], ""subcategory"": ""crn"", ""task"": [""causal_inference""], ""title"": ""Estimating Counterfactual Treatment Outcomes over Time Through Adversarially Balanced Representations"", ""url"": ""https://www.turing.ac.uk/news/publications/estimating-counterfactual-treatment-outcomes-over-time-through-adversarially"", ""venue"": ""ICLR"", ""year"": 2020}"
paper-causal-transformer,method-causal-transformer-2022,local-v1.2.0,2026-09-28,"{""added_on"": ""2026-09-28"", ""arxiv_id"": ""2204.07258"", ""authors"": [""Valentyn Melnychuk"", ""Dennis Frauen"", ""Stefan Feuerriegel""], ""category"": ""causal-function-intervention"", ""code"": ""unknown"", ""curation_level"": ""metadata_checked"", ""dataset"": ""unknown"", ""doi"": ""unknown"", ""field_sources"": {""arxiv_id"": [""causal-src-causal-transformer""], ""authors"": [""causal-src-causal-transformer""], ""last_verified"": [""causal-src-causal-transformer""], ""publication_status"": [""causal-src-causal-transformer""], ""title"": [""causal-src-causal-transformer""], ""url"": [""causal-src-causal-transformer""], ""venue"": [""causal-src-causal-transformer""], ""year"": [""causal-src-causal-transformer""]}, ""foundation_model"": ""unknown"", ""id"": ""paper-causal-transformer"", ""last_verified"": ""2026-09-28"", ""local_kind"": ""papers"", ""notes"": ""Source-linked thematic addition. See the causal profile for claim and validation boundaries."", ""open_access"": ""unknown"", ""publication_status"": ""peer_reviewed"", ""related_ids"": [], ""review_or_method"": ""unknown"", ""scope_tier"": ""adjacent"", ""sensor"": ""unknown"", ""source_ids"": [""causal-src-causal-transformer""], ""subcategory"": ""causal-transformer"", ""task"": [""causal_inference""], ""title"": ""Causal Transformer for Estimating Counterfactual Outcomes"", ""url"": ""https://proceedings.mlr.press/v162/melnychuk22a.html"", ""venue"": ""ICML"", ""year"": 2022}"
paper-walking-fingerprinting,watch-local-walking-fingerprinting,local-v1.2.0,2026-09-28,"{""added_on"": ""2026-09-28"", ""arxiv_id"": ""unknown"", ""authors"": [""Lily Koffman"", ""Ciprian Crainiceanu"", ""Andrew Leroux""], ""category"": ""causal-function-intervention"", ""code"": ""https://github.com/lilykoff/ml_walking_fingerprint"", ""curation_level"": ""metadata_checked"", ""dataset"": ""unknown"", ""doi"": ""10.1093/jrsssc/qlae033"", ""field_sources"": {""authors"": [""causal-src-walking-fingerprinting""], ""code"": [""causal-src-walking-fingerprinting""], ""doi"": [""causal-src-walking-fingerprinting""], ""last_verified"": [""causal-src-walking-fingerprinting""], ""publication_status"": [""causal-src-walking-fingerprinting""], ""sensor"": [""causal-src-walking-fingerprinting""], ""title"": [""causal-src-walking-fingerprinting""], ""url"": [""causal-src-walking-fingerprinting""], ""venue"": [""causal-src-walking-fingerprinting""], ""year"": [""causal-src-walking-fingerprinting""]}, ""foundation_model"": ""unknown"", ""id"": ""paper-walking-fingerprinting"", ""last_verified"": ""2026-09-28"", ""local_kind"": ""papers"", ""notes"": ""Source-linked thematic addition. See the causal profile for claim and validation boundaries."", ""open_access"": ""unknown"", ""publication_status"": ""peer_reviewed"", ""related_ids"": [], ""review_or_method"": ""unknown"", ""scope_tier"": ""core"", ""sensor"": [""accelerometer""], ""source_ids"": [""causal-src-walking-fingerprinting""], ""subcategory"": ""walking-fingerprinting"", ""task"": [""identity_recognition""], ""title"": ""Walking fingerprinting"", ""url"": ""https://academic.oup.com/jrsssc/article/73/5/1221/7723356"", ""venue"": ""Journal of the Royal Statistical Society Series C"", ""year"": 2024}"
paper-mrt-design,method-mrt-health-psychology-2015,local-v1.2.0,2026-09-28,"{""added_on"": ""2026-09-28"", ""arxiv_id"": ""unknown"", ""authors"": [""Predrag Klasnja"", ""Eric B. Hekler"", ""Saul Shiffman"", ""Audrey Boruvka"", ""Daniel Almirall"", ""Ambuj Tewari"", ""Susan A. Murphy""], ""category"": ""causal-function-intervention"", ""code"": ""unknown"", ""curation_level"": ""metadata_checked"", ""dataset"": ""unknown"", ""doi"": ""10.1037/hea0000305"", ""field_sources"": {""authors"": [""causal-src-mrt-design""], ""doi"": [""causal-src-mrt-design""], ""last_verified"": [""causal-src-mrt-design""], ""publication_status"": [""causal-src-mrt-design""], ""title"": [""causal-src-mrt-design""], ""url"": [""causal-src-mrt-design""], ""venue"": [""causal-src-mrt-design""], ""year"": [""causal-src-mrt-design""]}, ""foundation_model"": ""unknown"", ""id"": ""paper-mrt-design"", ""last_verified"": ""2026-09-28"", ""local_kind"": ""papers"", ""notes"": ""Source-linked thematic addition. See the causal profile for claim and validation boundaries."", ""open_access"": ""unknown"", ""publication_status"": ""peer_reviewed"", ""related_ids"": [], ""review_or_method"": ""unknown"", ""scope_tier"": ""adjacent"", ""sensor"": ""unknown"", ""source_ids"": [""causal-src-mrt-design""], ""subcategory"": ""mrt-design"", ""task"": [""causal_inference"", ""adaptive_intervention""], ""title"": ""Microrandomized trials: An experimental design for developing just-in-time adaptive interventions"", ""url"": ""https://pubmed.ncbi.nlm.nih.gov/26651463/"", ""venue"": ""Health Psychology"", ""year"": 2015}"
paper-heartsteps-mrt,method-heartsteps-mrt-2019,local-v1.2.0,2026-09-28,"{""added_on"": ""2026-09-28"", ""arxiv_id"": ""unknown"", ""authors"": [""Predrag Klasnja"", ""Shawna Smith"", ""Nicholas J. Seewald"", ""Andy Lee"", ""Kelly Hall"", ""Brook Luers"", ""Eric B. Hekler"", ""Susan A. Murphy""], ""category"": ""causal-function-intervention"", ""code"": ""unknown"", ""curation_level"": ""metadata_checked"", ""dataset"": ""unknown"", ""doi"": ""10.1093/abm/kay067"", ""field_sources"": {""authors"": [""causal-src-heartsteps-mrt""], ""doi"": [""causal-src-heartsteps-mrt""], ""last_verified"": [""causal-src-heartsteps-mrt""], ""publication_status"": [""causal-src-heartsteps-mrt""], ""sensor"": [""causal-src-heartsteps-mrt""], ""title"": [""causal-src-heartsteps-mrt""], ""url"": [""causal-src-heartsteps-mrt""], ""venue"": [""causal-src-heartsteps-mrt""], ""year"": [""causal-src-heartsteps-mrt""]}, ""foundation_model"": ""unknown"", ""id"": ""paper-heartsteps-mrt"", ""last_verified"": ""2026-09-28"", ""local_kind"": ""papers"", ""notes"": ""2018 online publication; 2019 issue year used. The pooled suggestion effect had p=.06; do not summarize all suggestions as conclusively effective."", ""open_access"": ""unknown"", ""publication_status"": ""peer_reviewed"", ""related_ids"": [], ""review_or_method"": ""unknown"", ""scope_tier"": ""core"", ""sensor"": [""steps""], ""source_ids"": [""causal-src-heartsteps-mrt""], ""subcategory"": ""heartsteps-mrt"", ""task"": [""causal_inference"", ""adaptive_intervention""], ""title"": ""Efficacy of Contextually Tailored Suggestions for Physical Activity: A Micro-randomized Optimization Trial of HeartSteps"", ""url"": ""https://academic.oup.com/abm/article/53/6/573/5091257"", ""venue"": ""Annals of Behavioral Medicine"", ""year"": 2019}"
paper-jitai-review-2026,method-jitai-annual-review-2026,local-v1.2.0,2026-09-28,"{""added_on"": ""2026-09-28"", ""arxiv_id"": ""unknown"", ""authors"": [""Inbal Nahum-Shani"", ""Susan A. Murphy""], ""category"": ""causal-function-intervention"", ""code"": ""unknown"", ""curation_level"": ""metadata_checked"", ""dataset"": ""unknown"", ""doi"": ""10.1146/annurev-psych-121024-044244"", ""field_sources"": {""authors"": [""causal-src-jitai-review-2026""], ""doi"": [""causal-src-jitai-review-2026""], ""last_verified"": [""causal-src-jitai-review-2026""], ""publication_status"": [""causal-src-jitai-review-2026""], ""title"": [""causal-src-jitai-review-2026""], ""url"": [""causal-src-jitai-review-2026""], ""venue"": [""causal-src-jitai-review-2026""], ""year"": [""causal-src-jitai-review-2026""]}, ""foundation_model"": ""unknown"", ""id"": ""paper-jitai-review-2026"", ""last_verified"": ""2026-09-28"", ""local_kind"": ""papers"", ""notes"": ""Source-linked thematic addition. See the causal profile for claim and validation boundaries."", ""open_access"": ""unknown"", ""publication_status"": ""peer_reviewed"", ""related_ids"": [], ""review_or_method"": ""unknown"", ""scope_tier"": ""adjacent"", ""sensor"": ""unknown"", ""source_ids"": [""causal-src-jitai-review-2026""], ""subcategory"": ""jitai-review-2026"", ""task"": [""adaptive_intervention""], ""title"": ""Just-in-Time Adaptive Interventions: Where Are We Now and What Is Next?"", ""url"": ""https://www.annualreviews.org/content/journals/10.1146/annurev-psych-121024-044244"", ""venue"": ""Annual Review of Psychology"", ""year"": 2026}"
paper-mybpmylife,intervention-mybpmylife-2025,local-v1.2.0,2026-09-28,"{""added_on"": ""2026-09-28"", ""arxiv_id"": ""unknown"", ""authors"": [""Michael P. Dorsch"", ""Jessica R. Golbus"", ""Rachel Stevens"", ""Brad Trumpower"", ""Tanima Basu"", ""Evan Luff"", ""Kimberly Warden"", ""Michael Giacalone"", ""Sarah Bailey"", ""Gabriella V. Rubick"", ""Sonali Mishra"", ""Predrag Klasnja"", ""Mark W. Newman"", ""Lesli E. Skolarus"", ""Brahmajee K. Nallamothu""], ""category"": ""causal-function-intervention"", ""code"": ""unknown"", ""curation_level"": ""metadata_checked"", ""dataset"": ""unknown"", ""doi"": ""10.1038/s41746-025-01844-3"", ""field_sources"": {""authors"": [""causal-src-mybpmylife""], ""doi"": [""causal-src-mybpmylife""], ""last_verified"": [""causal-src-mybpmylife""], ""publication_status"": [""causal-src-mybpmylife""], ""sensor"": [""causal-src-mybpmylife""], ""title"": [""causal-src-mybpmylife""], ""url"": [""causal-src-mybpmylife""], ""venue"": [""causal-src-mybpmylife""], ""year"": [""causal-src-mybpmylife""]}, ""foundation_model"": ""unknown"", ""id"": ""paper-mybpmylife"", ""last_verified"": ""2026-09-28"", ""local_kind"": ""papers"", ""notes"": ""Includes a null primary blood-pressure endpoint alongside changes in behavior. Blood pressure was collected using a separate cuff, not the Fitbit wrist sensor."", ""open_access"": ""unknown"", ""publication_status"": ""peer_reviewed"", ""related_ids"": [], ""review_or_method"": ""unknown"", ""scope_tier"": ""core"", ""sensor"": [""steps""], ""source_ids"": [""causal-src-mybpmylife""], ""subcategory"": ""mybpmylife"", ""task"": [""adaptive_intervention""], ""title"": ""Physical activity and diet just-in-time adaptive intervention to reduce blood pressure: a randomized controlled trial"", ""url"": ""https://www.nature.com/articles/s41746-025-01844-3"", ""venue"": ""npj Digital Medicine"", ""year"": 2025}"
paper-control-iq-rct,intervention-control-iq-2019,local-v1.2.0,2026-09-28,"{""added_on"": ""2026-09-28"", ""arxiv_id"": ""unknown"", ""authors"": [""Sue A. Brown"", ""Boris P. Kovatchev"", ""Dan Raghinaru"", ""John W. Lum"", ""Bruce A. Buckingham"", ""Yogish C. Kudva"", ""Lori M. Laffel"", ""Carol J. Levy"", ""Jordan E. Pinsker"", ""R. Paul Wadwa"", ""Eyal Dassau"", ""Francis J. Doyle III"", ""Stacey M. Anderson"", ""Mei Mei Church"", ""Vikash Dadlani"", ""Laya Ekhlaspour"", ""Gregory P. Forlenza"", ""Elvira Isganaitis"", ""David W. Lam"", ""Craig Kollman"", ""Roy W. Beck""], ""category"": ""causal-function-intervention"", ""code"": ""unknown"", ""curation_level"": ""metadata_checked"", ""dataset"": ""unknown"", ""doi"": ""10.1056/NEJMoa1907863"", ""field_sources"": {""authors"": [""causal-src-control-iq-rct""], ""doi"": [""causal-src-control-iq-rct""], ""last_verified"": [""causal-src-control-iq-rct""], ""publication_status"": [""causal-src-control-iq-rct""], ""sensor"": [""causal-src-control-iq-rct""], ""title"": [""causal-src-control-iq-rct""], ""url"": [""causal-src-control-iq-rct""], ""venue"": [""causal-src-control-iq-rct""], ""year"": [""causal-src-control-iq-rct""]}, ""foundation_model"": ""unknown"", ""id"": ""paper-control-iq-rct"", ""last_verified"": ""2026-09-28"", ""local_kind"": ""papers"", ""notes"": ""Source-linked thematic addition. See the causal profile for claim and validation boundaries."", ""open_access"": ""unknown"", ""publication_status"": ""peer_reviewed"", ""related_ids"": [], ""review_or_method"": ""unknown"", ""scope_tier"": ""core"", ""sensor"": [""cgm""], ""source_ids"": [""causal-src-control-iq-rct""], ""subcategory"": ""control-iq-rct"", ""task"": [""closed_loop_control""], ""title"": ""Six-Month Randomized, Multicenter Trial of Closed-Loop Control in Type 1 Diabetes"", ""url"": ""https://www.nejm.org/doi/abs/10.1056/NEJMoa1907863"", ""venue"": ""New England Journal of Medicine"", ""year"": 2019}"
paper-digital-twin-aid,intervention-aid-digital-twin-coadaptation-2025,local-v1.2.0,2026-09-28,"{""added_on"": ""2026-09-28"", ""arxiv_id"": ""unknown"", ""authors"": [""Boris P. Kovatchev"", ""Patricio Colmegna"", ""Jacopo Pavan"", ""Jenny L. Diaz Castañeda"", ""Maria F. Villa-Tamayo"", ""Chaitanya L. K. Koravi"", ""Giulio Santini"", ""Carlene Alix"", ""Meaghan Stumpf"", ""Sue A. Brown""], ""category"": ""causal-function-intervention"", ""code"": ""unknown"", ""curation_level"": ""metadata_checked"", ""dataset"": ""unknown"", ""doi"": ""10.1038/s41746-025-01679-y"", ""field_sources"": {""authors"": [""causal-src-digital-twin-aid""], ""doi"": [""causal-src-digital-twin-aid""], ""last_verified"": [""causal-src-digital-twin-aid""], ""publication_status"": [""causal-src-digital-twin-aid""], ""sensor"": [""causal-src-digital-twin-aid""], ""title"": [""causal-src-digital-twin-aid""], ""url"": [""causal-src-digital-twin-aid""], ""venue"": [""causal-src-digital-twin-aid""], ""year"": [""causal-src-digital-twin-aid""]}, ""foundation_model"": ""unknown"", ""id"": ""paper-digital-twin-aid"", ""last_verified"": ""2026-09-28"", ""local_kind"": ""papers"", ""notes"": ""Source-linked thematic addition. See the causal profile for claim and validation boundaries."", ""open_access"": ""unknown"", ""publication_status"": ""peer_reviewed"", ""related_ids"": [], ""review_or_method"": ""unknown"", ""scope_tier"": ""core"", ""sensor"": [""cgm""], ""source_ids"": [""causal-src-digital-twin-aid""], ""subcategory"": ""digital-twin-aid"", ""task"": [""causal_inference"", ""closed_loop_control"", ""adaptive_intervention""], ""title"": ""Human-machine co-adaptation to automated insulin delivery: a randomised clinical trial using digital twin technology"", ""url"": ""https://www.nature.com/articles/s41746-025-01679-y"", ""venue"": ""npj Digital Medicine"", ""year"": 2025}"
paper-dt-body-roadmap,watch-local-dt-body-roadmap,local-v1.2.0,2026-09-28,"{""added_on"": ""2026-09-28"", ""arxiv_id"": ""unknown"", ""authors"": [""Chenyu Tang"", ""Wentian Yi"", ""Edoardo Occhipinti"", ""Yanning Dai"", ""Shuo Gao"", ""Luigi G. Occhipinti""], ""category"": ""digital_twins"", ""code"": ""unknown"", ""curation_level"": ""metadata_checked"", ""dataset"": ""unknown"", ""doi"": ""10.1038/s44287-024-00025-w"", ""field_sources"": {""authors"": [""dt-src-body-roadmap""], ""doi"": [""dt-src-body-roadmap""], ""last_verified"": [""dt-src-body-roadmap""], ""publication_status"": [""dt-src-body-roadmap""], ""review_or_method"": [""dt-src-body-roadmap""], ""title"": [""dt-src-body-roadmap""], ""url"": [""dt-src-body-roadmap""], ""venue"": [""dt-src-body-roadmap""], ""year"": [""dt-src-body-roadmap""]}, ""foundation_model"": ""unknown"", ""id"": ""paper-dt-body-roadmap"", ""last_verified"": ""2026-09-28"", ""local_kind"": ""papers"", ""notes"": ""A roadmap does not establish a working whole-body twin or clinical effectiveness."", ""open_access"": ""unknown"", ""publication_status"": ""peer_reviewed"", ""related_ids"": [], ""review_or_method"": ""review_or_framework"", ""scope_tier"": ""adjacent"", ""sensor"": ""unknown"", ""source_ids"": [""dt-src-body-roadmap""], ""subcategory"": ""framework"", ""task"": [""digital_twin_modeling""], ""title"": ""A roadmap for the development of human body digital twins"", ""url"": ""https://www.nature.com/articles/s44287-024-00025-w"", ""venue"": ""Nature Reviews Electrical Engineering"", ""year"": 2024}"
paper-dt-health-scoping,method-dt-health-scoping,local-v1.2.0,2026-09-28,"{""added_on"": ""2026-09-28"", ""arxiv_id"": ""unknown"", ""authors"": [""Evangelia Katsoulakis"", ""Qi Wang"", ""Huanmei Wu"", ""Leili Shahriyari"", ""Richard Fletcher"", ""Jinwei Liu"", ""Luke Achenie"", ""Hongfang Liu"", ""Pamela Jackson"", ""Ying Xiao"", ""Tanveer Syeda-Mahmood"", ""Richard Tuli"", ""Jun Deng""], ""category"": ""digital_twins"", ""code"": ""unknown"", ""curation_level"": ""metadata_checked"", ""dataset"": ""unknown"", ""doi"": ""10.1038/s41746-024-01073-0"", ""field_sources"": {""authors"": [""dt-src-health-scoping""], ""doi"": [""dt-src-health-scoping""], ""last_verified"": [""dt-src-health-scoping""], ""open_access"": [""dt-src-health-scoping""], ""publication_status"": [""dt-src-health-scoping""], ""review_or_method"": [""dt-src-health-scoping""], ""title"": [""dt-src-health-scoping""], ""url"": [""dt-src-health-scoping""], ""venue"": [""dt-src-health-scoping""], ""year"": [""dt-src-health-scoping""]}, ""foundation_model"": ""unknown"", ""id"": ""paper-dt-health-scoping"", ""last_verified"": ""2026-09-28"", ""local_kind"": ""papers"", ""notes"": ""Only wearable-relevant concepts are mapped; the entire healthcare DT literature is not relabeled wearable evidence."", ""open_access"": true, ""publication_status"": ""peer_reviewed"", ""related_ids"": [], ""review_or_method"": ""review_or_framework"", ""scope_tier"": ""adjacent"", ""sensor"": ""unknown"", ""source_ids"": [""dt-src-health-scoping""], ""subcategory"": ""framework"", ""task"": [""digital_twin_modeling""], ""title"": ""Digital twins for health: a scoping review"", ""url"": ""https://www.nature.com/articles/s41746-024-01073-0"", ""venue"": ""npj Digital Medicine"", ""year"": 2024}"
paper-dt-wearables-review,watch-local-dt-wearables-review,local-v1.2.0,2026-09-28,"{""added_on"": ""2026-09-28"", ""arxiv_id"": ""unknown"", ""authors"": [""Zachary Johnson"", ""Manob Jyoti Saikia""], ""category"": ""digital_twins"", ""code"": ""unknown"", ""curation_level"": ""metadata_checked"", ""dataset"": ""unknown"", ""doi"": ""10.3390/bioengineering11060606"", ""field_sources"": {""authors"": [""dt-src-wearables-review""], ""doi"": [""dt-src-wearables-review""], ""last_verified"": [""dt-src-wearables-review""], ""open_access"": [""dt-src-wearables-review""], ""publication_status"": [""dt-src-wearables-review""], ""review_or_method"": [""dt-src-wearables-review""], ""title"": [""dt-src-wearables-review""], ""url"": [""dt-src-wearables-review""], ""venue"": [""dt-src-wearables-review""], ""year"": [""dt-src-wearables-review""]}, ""foundation_model"": ""unknown"", ""id"": ""paper-dt-wearables-review"", ""last_verified"": ""2026-09-28"", ""local_kind"": ""papers"", ""notes"": ""Conceptual wearable integration does not establish an implemented autonomous twin."", ""open_access"": true, ""publication_status"": ""peer_reviewed"", ""related_ids"": [], ""review_or_method"": ""review_or_framework"", ""scope_tier"": ""adjacent"", ""sensor"": ""unknown"", ""source_ids"": [""dt-src-wearables-review""], ""subcategory"": ""framework"", ""task"": [""digital_twin_modeling""], ""title"": ""Digital Twins for Healthcare Using Wearables"", ""url"": ""https://pmc.ncbi.nlm.nih.gov/articles/PMC11200512/"", ""venue"": ""Bioengineering"", ""year"": 2024}"
paper-dt-nmsk-framework,watch-local-dt-nmsk-framework,local-v1.2.0,2026-09-28,"{""added_on"": ""2026-09-28"", ""arxiv_id"": ""unknown"", ""authors"": [""David J. Saxby"", ""Claudio Pizzolato"", ""Laura E. Diamond""], ""category"": ""digital_twins"", ""code"": ""unknown"", ""curation_level"": ""metadata_checked"", ""dataset"": ""unknown"", ""doi"": ""10.1123/jab.2023-0114"", ""field_sources"": {""authors"": [""dt-src-nmsk-pubmed""], ""doi"": [""dt-src-nmsk-framework""], ""last_verified"": [""dt-src-nmsk-framework""], ""publication_status"": [""dt-src-nmsk-framework""], ""review_or_method"": [""dt-src-nmsk-framework""], ""sensor"": [""dt-src-nmsk-framework""], ""title"": [""dt-src-nmsk-framework""], ""url"": [""dt-src-nmsk-framework""], ""venue"": [""dt-src-nmsk-framework""], ""year"": [""dt-src-nmsk-framework""]}, ""foundation_model"": ""unknown"", ""id"": ""paper-dt-nmsk-framework"", ""last_verified"": ""2026-09-28"", ""local_kind"": ""papers"", ""notes"": ""This is a proposed adaptation, not a healthcare standard or proof of intervention effectiveness."", ""open_access"": ""unknown"", ""publication_status"": ""peer_reviewed"", ""related_ids"": [], ""review_or_method"": ""review_or_framework"", ""scope_tier"": ""adjacent"", ""sensor"": [""emg""], ""source_ids"": [""dt-src-nmsk-framework"", ""dt-src-nmsk-pubmed""], ""subcategory"": ""musculoskeletal"", ""task"": [""digital_twin_modeling""], ""title"": ""A Digital Twin Framework for Precision Neuromusculoskeletal Health Care: Extension Upon Industrial Standards"", ""url"": ""https://doi.org/10.1123/jab.2023-0114"", ""venue"": ""Journal of Applied Biomechanics"", ""year"": 2023}"
paper-dt-lhmf,method-dt-lhmf,local-v1.2.0,2026-09-28,"{""added_on"": ""2026-09-28"", ""arxiv_id"": ""unknown"", ""authors"": [""Cyrus Tanade"", ""Nusrat Sadia Khan"", ""Emily Rakestraw"", ""William D. Ladd"", ""Erik W. Draeger"", ""Amanda Randles""], ""category"": ""digital_twins"", ""code"": ""unknown"", ""curation_level"": ""metadata_checked"", ""dataset"": ""unknown"", ""doi"": ""10.1038/s41746-024-01216-3"", ""field_sources"": {""authors"": [""dt-src-lhmf""], ""doi"": [""dt-src-lhmf""], ""last_verified"": [""dt-src-lhmf""], ""open_access"": [""dt-src-lhmf""], ""publication_status"": [""dt-src-lhmf""], ""review_or_method"": [""dt-src-lhmf""], ""sensor"": [""dt-src-lhmf""], ""title"": [""dt-src-lhmf""], ""url"": [""dt-src-lhmf""], ""venue"": [""dt-src-lhmf""], ""year"": [""dt-src-lhmf""]}, ""foundation_model"": ""unknown"", ""id"": ""paper-dt-lhmf"", ""last_verified"": ""2026-09-28"", ""local_kind"": ""papers"", ""notes"": ""Numerical agreement and long-duration simulation do not establish prospective disease prediction or treatment benefit."", ""open_access"": true, ""publication_status"": ""peer_reviewed"", ""related_ids"": [], ""review_or_method"": ""method_or_empirical_study"", ""scope_tier"": ""core"", ""sensor"": [""heart_rate"", ""ecg""], ""source_ids"": [""dt-src-lhmf""], ""subcategory"": ""cardiovascular"", ""task"": [""digital_twin_modeling""], ""title"": ""Establishing the longitudinal hemodynamic mapping framework for wearable-driven coronary digital twins"", ""url"": ""https://www.nature.com/articles/s41746-024-01216-3"", ""venue"": ""npj Digital Medicine"", ""year"": 2024}"
paper-dt-wpinn,method-dt-wpinn,local-v1.2.0,2026-09-28,"{""added_on"": ""2026-09-28"", ""arxiv_id"": ""unknown"", ""authors"": [""Deen Osman"", ""Kaan Sel"", ""Erica Spatz"", ""Roozbeh Jafari""], ""category"": ""digital_twins"", ""code"": ""unknown"", ""curation_level"": ""metadata_checked"", ""dataset"": ""unknown"", ""doi"": ""10.1038/s41746-026-02610-9"", ""field_sources"": {""authors"": [""dt-src-wpinn""], ""doi"": [""dt-src-wpinn""], ""last_verified"": [""dt-src-wpinn""], ""open_access"": [""dt-src-wpinn""], ""publication_status"": [""dt-src-wpinn""], ""review_or_method"": [""dt-src-wpinn""], ""sensor"": [""dt-src-wpinn""], ""title"": [""dt-src-wpinn""], ""url"": [""dt-src-wpinn""], ""venue"": [""dt-src-wpinn""], ""year"": [""dt-src-wpinn""]}, ""foundation_model"": ""unknown"", ""id"": ""paper-dt-wpinn"", ""last_verified"": ""2026-09-28"", ""local_kind"": ""papers"", ""notes"": ""Parameter fitting needs its own identifiability checks; ring and wrist evidence are retained separately."", ""open_access"": true, ""publication_status"": ""peer_reviewed"", ""related_ids"": [], ""review_or_method"": ""method_or_empirical_study"", ""scope_tier"": ""core"", ""sensor"": [""bioimpedance""], ""source_ids"": [""dt-src-wpinn""], ""subcategory"": ""cardiovascular"", ""task"": [""digital_twin_modeling""], ""title"": ""Cardiovascular digital twins using a Windkessel physics informed neural network"", ""url"": ""https://www.nature.com/articles/s41746-026-02610-9"", ""venue"": ""npj Digital Medicine"", ""year"": 2026}"
paper-dt-gait-lab,watch-local-dt-gait-lab,local-v1.2.0,2026-09-28,"{""added_on"": ""2026-09-28"", ""arxiv_id"": ""unknown"", ""authors"": [""Donatella Simonetti"", ""Maartje Hendriks"", ""Bart Koopman"", ""Noel Keijsers"", ""Massimo Sartori""], ""category"": ""digital_twins"", ""code"": ""unknown"", ""curation_level"": ""metadata_checked"", ""dataset"": ""unknown"", ""doi"": ""10.1017/wtc.2024.14"", ""field_sources"": {""authors"": [""dt-src-gait-lab""], ""doi"": [""dt-src-gait-lab""], ""last_verified"": [""dt-src-gait-lab""], ""open_access"": [""dt-src-gait-lab""], ""publication_status"": [""dt-src-gait-lab""], ""review_or_method"": [""dt-src-gait-lab""], ""sensor"": [""dt-src-gait-lab""], ""title"": [""dt-src-gait-lab""], ""url"": [""dt-src-gait-lab""], ""venue"": [""dt-src-gait-lab""], ""year"": [""dt-src-gait-lab""]}, ""foundation_model"": ""unknown"", ""id"": ""paper-dt-gait-lab"", ""last_verified"": ""2026-09-28"", ""local_kind"": ""papers"", ""notes"": ""Biomechanical agreement does not establish recovery benefit, and multi-location sensing is not wrist-only."", ""open_access"": true, ""publication_status"": ""peer_reviewed"", ""related_ids"": [], ""review_or_method"": ""method_or_empirical_study"", ""scope_tier"": ""core"", ""sensor"": [""accelerometer"", ""gyroscope"", ""emg""], ""source_ids"": [""dt-src-gait-lab""], ""subcategory"": ""musculoskeletal"", ""task"": [""digital_twin_modeling""], ""title"": ""A wearable gait lab powered by sensor-driven digital twins for quantitative biomechanical analysis post-stroke"", ""url"": ""https://www.cambridge.org/core/journals/wearable-technologies/article/wearable-gait-lab-powered-by-sensordriven-digital-twins-for-quantitative-biomechanical-analysis-poststroke/05C0872598A6602725105FA6EFE3C2EE"", ""venue"": ""Wearable Technologies"", ""year"": 2024}"
paper-dt-bone-stress,method-dt-bone-stress,local-v1.2.0,2026-09-28,"{""added_on"": ""2026-09-28"", ""arxiv_id"": ""unknown"", ""authors"": [""Liangliang Xiang"", ""Yaodong Gu"", ""Kaili Deng"", ""Zixiang Gao"", ""Vickie Shim"", ""Alan Wang"", ""Justin Fernandez""], ""category"": ""digital_twins"", ""code"": ""unknown"", ""curation_level"": ""metadata_checked"", ""dataset"": ""unknown"", ""doi"": ""10.1038/s41746-025-01677-0"", ""field_sources"": {""authors"": [""dt-src-bone-stress""], ""doi"": [""dt-src-bone-stress""], ""last_verified"": [""dt-src-bone-stress""], ""open_access"": [""dt-src-bone-stress""], ""publication_status"": [""dt-src-bone-stress""], ""review_or_method"": [""dt-src-bone-stress""], ""sensor"": [""dt-src-bone-stress""], ""title"": [""dt-src-bone-stress""], ""url"": [""dt-src-bone-stress""], ""venue"": [""dt-src-bone-stress""], ""year"": [""dt-src-bone-stress""]}, ""foundation_model"": ""unknown"", ""id"": ""paper-dt-bone-stress"", ""last_verified"": ""2026-09-28"", ""local_kind"": ""papers"", ""notes"": ""Predicted stress is not directly measured internal stress or prospectively validated fracture prevention."", ""open_access"": true, ""publication_status"": ""peer_reviewed"", ""related_ids"": [], ""review_or_method"": ""method_or_empirical_study"", ""scope_tier"": ""core"", ""sensor"": [""accelerometer"", ""gyroscope"", ""magnetometer""], ""source_ids"": [""dt-src-bone-stress""], ""subcategory"": ""musculoskeletal"", ""task"": [""digital_twin_modeling""], ""title"": ""Integrating personalized shape prediction, biomechanical modeling, and wearables for bone stress prediction in runners"", ""url"": ""https://www.nature.com/articles/s41746-025-01677-0"", ""venue"": ""npj Digital Medicine"", ""year"": 2025}"
paper-dt-bladder-electrodes,method-dt-bladder-electrodes,local-v1.2.0,2026-09-28,"{""added_on"": ""2026-09-28"", ""arxiv_id"": ""unknown"", ""authors"": [""H. Trask Crane"", ""John A. Berkebile"", ""Samer Mabrouk"", ""Nicholas Riccardelli"", ""Omer T. Inan""], ""category"": ""digital_twins"", ""code"": ""unknown"", ""curation_level"": ""metadata_checked"", ""dataset"": ""unknown"", ""doi"": ""10.1038/s41746-025-01441-4"", ""field_sources"": {""authors"": [""dt-src-bladder-electrodes""], ""doi"": [""dt-src-bladder-electrodes""], ""last_verified"": [""dt-src-bladder-electrodes""], ""open_access"": [""dt-src-bladder-electrodes""], ""publication_status"": [""dt-src-bladder-electrodes""], ""review_or_method"": [""dt-src-bladder-electrodes""], ""sensor"": [""dt-src-bladder-electrodes""], ""title"": [""dt-src-bladder-electrodes""], ""url"": [""dt-src-bladder-electrodes""], ""venue"": [""dt-src-bladder-electrodes""], ""year"": [""dt-src-bladder-electrodes""]}, ""foundation_model"": ""unknown"", ""id"": ""paper-dt-bladder-electrodes"", ""last_verified"": ""2026-09-28"", ""local_kind"": ""papers"", ""notes"": ""The evaluated action is sensor design; no reduction in heart-failure admission or mortality is demonstrated."", ""open_access"": true, ""publication_status"": ""peer_reviewed"", ""related_ids"": [], ""review_or_method"": ""method_or_empirical_study"", ""scope_tier"": ""core"", ""sensor"": [""bioimpedance""], ""source_ids"": [""dt-src-bladder-electrodes""], ""subcategory"": ""bladder_sensor_design"", ""task"": [""digital_twin_modeling""], ""title"": ""Digital twin driven electrode optimization for wearable bladder monitoring via bioimpedance"", ""url"": ""https://pmc.ncbi.nlm.nih.gov/articles/PMC11782588/"", ""venue"": ""npj Digital Medicine"", ""year"": 2025}"
paper-dt-replaybg,watch-local-dt-replaybg,local-v1.2.0,2026-09-28,"{""added_on"": ""2026-09-28"", ""arxiv_id"": ""unknown"", ""authors"": [""Giacomo Cappon"", ""Martina Vettoretti"", ""Giovanni Sparacino"", ""Simone Del Favero"", ""Andrea Facchinetti""], ""category"": ""digital_twins"", ""code"": ""unknown"", ""curation_level"": ""metadata_checked"", ""dataset"": ""unknown"", ""doi"": ""10.1109/TBME.2023.3286856"", ""field_sources"": {""authors"": [""dt-src-replaybg""], ""doi"": [""dt-src-replaybg""], ""last_verified"": [""dt-src-replaybg""], ""publication_status"": [""dt-src-replaybg""], ""review_or_method"": [""dt-src-replaybg""], ""sensor"": [""dt-src-replaybg""], ""title"": [""dt-src-replaybg""], ""url"": [""dt-src-replaybg""], ""venue"": [""dt-src-replaybg""], ""year"": [""dt-src-replaybg""]}, ""foundation_model"": ""unknown"", ""id"": ""paper-dt-replaybg"", ""last_verified"": ""2026-09-28"", ""local_kind"": ""papers"", ""notes"": ""Alternative trajectories remain model-dependent and do not by themselves identify a causal treatment effect."", ""open_access"": ""unknown"", ""publication_status"": ""peer_reviewed"", ""related_ids"": [], ""review_or_method"": ""method_or_empirical_study"", ""scope_tier"": ""core"", ""sensor"": [""cgm""], ""source_ids"": [""dt-src-replaybg""], ""subcategory"": ""metabolic"", ""task"": [""digital_twin_modeling""], ""title"": ""ReplayBG: A Digital Twin-Based Methodology to Identify a Personalized Model From Type 1 Diabetes Data and Simulate Glucose Concentrations to Assess Alternative Therapies"", ""url"": ""https://pubmed.ncbi.nlm.nih.gov/37368794/"", ""venue"": ""IEEE Transactions on Biomedical Engineering"", ""year"": 2023}"
paper-dt-uva-replay-validation,method-dt-uva-replay-validation,local-v1.2.0,2026-09-28,"{""added_on"": ""2026-09-28"", ""arxiv_id"": ""unknown"", ""authors"": [""María F. Villa-Tamayo"", ""Patricio Colmegna"", ""Marc Breton""], ""category"": ""digital_twins"", ""code"": ""unknown"", ""curation_level"": ""metadata_checked"", ""dataset"": ""unknown"", ""doi"": ""10.1089/dia.2023.0595"", ""field_sources"": {""authors"": [""dt-src-uva-replay-validation""], ""doi"": [""dt-src-uva-replay-validation""], ""last_verified"": [""dt-src-uva-replay-validation""], ""open_access"": [""dt-src-uva-replay-validation""], ""publication_status"": [""dt-src-uva-replay-validation""], ""review_or_method"": [""dt-src-uva-replay-validation""], ""sensor"": [""dt-src-uva-replay-validation""], ""title"": [""dt-src-uva-replay-validation""], ""url"": [""dt-src-uva-replay-validation""], ""venue"": [""dt-src-uva-replay-validation""], ""year"": [""dt-src-uva-replay-validation""]}, ""foundation_model"": ""unknown"", ""id"": ""paper-dt-uva-replay-validation"", ""last_verified"": ""2026-09-28"", ""local_kind"": ""papers"", ""notes"": ""Reusing randomized data validates particular simulated outcomes; this paper is not a new randomized deployment of the replay tool."", ""open_access"": false, ""publication_status"": ""peer_reviewed"", ""related_ids"": [], ""review_or_method"": ""method_or_empirical_study"", ""scope_tier"": ""core"", ""sensor"": [""cgm""], ""source_ids"": [""dt-src-uva-replay-validation""], ""subcategory"": ""metabolic"", ""task"": [""digital_twin_modeling""], ""title"": ""Validation of the UVA Simulation Replay Methodology Using Clinical Data: Reproducing a Randomized Clinical Trial"", ""url"": ""https://journals.sagepub.com/doi/10.1089/dia.2023.0595"", ""venue"": ""Diabetes Technology & Therapeutics"", ""year"": 2024}"
paper-dt-exercise-dss,method-dt-exercise-dss,local-v1.2.0,2026-09-28,"{""added_on"": ""2026-09-28"", ""arxiv_id"": ""unknown"", ""authors"": [""Gavin Young"", ""Robert Dodier"", ""Joseph El Youssef"", ""Jessica R. Castle"", ""Leah Wilson"", ""Michael C. Riddell"", ""Peter G. Jacobs""], ""category"": ""digital_twins"", ""code"": ""unknown"", ""curation_level"": ""metadata_checked"", ""dataset"": ""unknown"", ""doi"": ""10.1177/19322968231223217"", ""field_sources"": {""authors"": [""dt-src-exercise-dss""], ""doi"": [""dt-src-exercise-dss""], ""last_verified"": [""dt-src-exercise-dss""], ""open_access"": [""dt-src-exercise-dss""], ""publication_status"": [""dt-src-exercise-dss""], ""review_or_method"": [""dt-src-exercise-dss""], ""sensor"": [""dt-src-exercise-dss""], ""title"": [""dt-src-exercise-dss""], ""url"": [""dt-src-exercise-dss""], ""venue"": [""dt-src-exercise-dss""], ""year"": [""dt-src-exercise-dss""]}, ""foundation_model"": ""unknown"", ""id"": ""paper-dt-exercise-dss"", ""last_verified"": ""2026-09-28"", ""local_kind"": ""papers"", ""notes"": ""Observed source data do not turn simulated policy outcomes into prospective intervention evidence."", ""open_access"": true, ""publication_status"": ""peer_reviewed"", ""related_ids"": [], ""review_or_method"": ""method_or_empirical_study"", ""scope_tier"": ""core"", ""sensor"": [""cgm"", ""heart_rate""], ""source_ids"": [""dt-src-exercise-dss""], ""subcategory"": ""metabolic"", ""task"": [""digital_twin_modeling""], ""title"": ""Design and In Silico Evaluation of an Exercise Decision Support System Using Digital Twin Models"", ""url"": ""https://journals.sagepub.com/doi/10.1177/19322968231223217"", ""venue"": ""Journal of Diabetes Science and Technology"", ""year"": 2024}"
paper-dt-studia,intervention-dt-studia,local-v1.2.0,2026-09-28,"{""added_on"": ""2026-09-28"", ""arxiv_id"": ""unknown"", ""authors"": [""Carlos E. Builes-Montaño"", ""Laura Lema-Perez"", ""Alex Ramírez-Rincón"", ""John J. Zuleta-Tobón"", ""Juan C. Restrepo-Gutiérrez"", ""Hernán D. Álvarez-Zapata"", ""José García-Tirado""], ""category"": ""digital_twins"", ""code"": ""unknown"", ""curation_level"": ""metadata_checked"", ""dataset"": ""unknown"", ""doi"": ""10.1038/s41598-025-23165-x"", ""field_sources"": {""authors"": [""dt-src-studia""], ""doi"": [""dt-src-studia""], ""last_verified"": [""dt-src-studia""], ""open_access"": [""dt-src-studia""], ""publication_status"": [""dt-src-studia""], ""review_or_method"": [""dt-src-studia""], ""sensor"": [""dt-src-studia""], ""title"": [""dt-src-studia""], ""url"": [""dt-src-studia""], ""venue"": [""dt-src-studia""], ""year"": [""dt-src-studia""]}, ""foundation_model"": ""unknown"", ""id"": ""paper-dt-studia"", ""last_verified"": ""2026-09-28"", ""local_kind"": ""papers"", ""notes"": ""Small short-term system-level trial; no isolated twin-component effect or long-term disease benefit established."", ""open_access"": true, ""publication_status"": ""peer_reviewed"", ""related_ids"": [], ""review_or_method"": ""method_or_empirical_study"", ""scope_tier"": ""core"", ""sensor"": [""cgm""], ""source_ids"": [""dt-src-studia""], ""subcategory"": ""metabolic"", ""task"": [""digital_twin_modeling""], ""title"": ""A digital twin-enhanced decision support system improves time-in-range in type 1 diabetes: a randomized clinical trial"", ""url"": ""https://www.nature.com/articles/s41598-025-23165-x"", ""venue"": ""Scientific Reports"", ""year"": 2025}"
paper-dt-replaybg-web,method-dt-replaybg-web,local-v1.2.0,2026-09-28,"{""added_on"": ""2026-09-28"", ""arxiv_id"": ""unknown"", ""authors"": [""Luca Cossu"", ""Anna Ghiotto"", ""Andrea Facchinetti"", ""Giacomo Cappon""], ""category"": ""digital_twins"", ""code"": ""unknown"", ""curation_level"": ""metadata_checked"", ""dataset"": ""unknown"", ""doi"": ""10.1177/19322968261481540"", ""field_sources"": {""authors"": [""dt-src-replaybg-web""], ""doi"": [""dt-src-replaybg-web""], ""last_verified"": [""dt-src-replaybg-web""], ""publication_status"": [""dt-src-replaybg-web""], ""review_or_method"": [""dt-src-replaybg-web""], ""sensor"": [""dt-src-replaybg-web""], ""title"": [""dt-src-replaybg-web""], ""url"": [""dt-src-replaybg-web""], ""venue"": [""dt-src-replaybg-web""], ""year"": [""dt-src-replaybg-web""]}, ""foundation_model"": ""unknown"", ""id"": ""paper-dt-replaybg-web"", ""last_verified"": ""2026-09-28"", ""local_kind"": ""papers"", ""notes"": ""Usability or access improvements do not validate the safety of therapy recommendations."", ""open_access"": ""unknown"", ""publication_status"": ""peer_reviewed"", ""related_ids"": [""paper-dt-replaybg""], ""review_or_method"": ""method_or_empirical_study"", ""scope_tier"": ""core"", ""sensor"": [""cgm""], ""source_ids"": [""dt-src-replaybg-web""], ""subcategory"": ""metabolic"", ""task"": [""digital_twin_modeling""], ""title"": ""ReplayBG-Web: A Novel Web Interface to Ease the Creation and Use of Digital Twins for Type 1 Diabetes"", ""url"": ""https://journals.sagepub.com/doi/10.1177/19322968261481540"", ""venue"": ""Journal of Diabetes Science and Technology"", ""year"": 2026}"
paper-dt-nurse-pdt,watch-local-dt-nurse-pdt,local-v1.2.0,2026-09-28,"{""added_on"": ""2026-09-28"", ""arxiv_id"": ""unknown"", ""authors"": [""Jing Wang"", ""Syed Hasib Akhter Faruqui"", ""Adel Alaeddini"", ""Yan Du"", ""Shiyu Li"", ""Yijiong Yang"", ""Kumar Sharma""], ""category"": ""digital_twins"", ""code"": ""unknown"", ""curation_level"": ""metadata_checked"", ""dataset"": ""unknown"", ""doi"": ""10.1038/s44401-026-00118-8"", ""field_sources"": {""authors"": [""dt-src-nurse-pdt""], ""doi"": [""dt-src-nurse-pdt""], ""last_verified"": [""dt-src-nurse-pdt""], ""open_access"": [""dt-src-nurse-pdt""], ""publication_status"": [""dt-src-nurse-pdt""], ""review_or_method"": [""dt-src-nurse-pdt""], ""sensor"": [""dt-src-nurse-pdt""], ""title"": [""dt-src-nurse-pdt""], ""url"": [""dt-src-nurse-pdt""], ""venue"": [""dt-src-nurse-pdt""], ""year"": [""dt-src-nurse-pdt""]}, ""foundation_model"": ""unknown"", ""id"": ""paper-dt-nurse-pdt"", ""last_verified"": ""2026-09-28"", ""local_kind"": ""papers"", ""notes"": ""Methods specify group-conditioned fine-tuning, not a separately fitted model per person; lack of glucose significance is not equivalence or safety proof."", ""open_access"": true, ""publication_status"": ""peer_reviewed"", ""related_ids"": [], ""review_or_method"": ""method_or_empirical_study"", ""scope_tier"": ""core"", ""sensor"": [""steps""], ""source_ids"": [""dt-src-nurse-pdt""], ""subcategory"": ""metabolic"", ""task"": [""digital_twin_modeling""], ""title"": ""Human-in-the-loop AI predictive digital twin to extend virtual precision diabetes care between visits"", ""url"": ""https://www.nature.com/articles/s44401-026-00118-8"", ""venue"": ""npj Health Systems"", ""year"": 2026}"
paper-dt-synthetic-sharing,method-dt-synthetic-sharing,local-v1.2.0,2026-09-28,"{""added_on"": ""2026-09-28"", ""arxiv_id"": ""unknown"", ""authors"": [""Simeone Marino"", ""Ruth Cassidy"", ""Joseph Nanni"", ""Yuxuan Wang"", ""Yipeng Liu"", ""Mingyi Tang"", ""Yuan Yuan"", ""Toby Chen"", ""Anik Sinha"", ""Balaji Pandian"", ""Ivo D. Dinov"", ""Michael L. Burns""], ""category"": ""digital_twins"", ""code"": ""unknown"", ""curation_level"": ""metadata_checked"", ""dataset"": ""unknown"", ""doi"": ""10.1038/s41746-025-01935-1"", ""field_sources"": {""authors"": [""dt-src-synthetic-sharing""], ""doi"": [""dt-src-synthetic-sharing""], ""last_verified"": [""dt-src-synthetic-sharing""], ""open_access"": [""dt-src-synthetic-sharing""], ""publication_status"": [""dt-src-synthetic-sharing""], ""review_or_method"": [""dt-src-synthetic-sharing""], ""sensor"": [""dt-src-synthetic-sharing""], ""title"": [""dt-src-synthetic-sharing""], ""url"": [""dt-src-synthetic-sharing""], ""venue"": [""dt-src-synthetic-sharing""], ""year"": [""dt-src-synthetic-sharing""]}, ""foundation_model"": ""unknown"", ""id"": ""paper-dt-synthetic-sharing"", ""last_verified"": ""2026-09-28"", ""local_kind"": ""papers"", ""notes"": ""Synthetic-twin terminology does not establish personal counterfactual dynamics or guaranteed anonymity."", ""open_access"": true, ""publication_status"": ""peer_reviewed"", ""related_ids"": [], ""review_or_method"": ""method_or_empirical_study"", ""scope_tier"": ""core"", ""sensor"": [""heart_rate"", ""steps""], ""source_ids"": [""dt-src-synthetic-sharing""], ""subcategory"": ""synthetic_data"", ""task"": [""digital_twin_modeling""], ""title"": ""Medical data sharing and synthetic clinical data generation – maximizing biomedical resource utilization and minimizing participant re-identification risks"", ""url"": ""https://www.nature.com/articles/s41746-025-01935-1"", ""venue"": ""npj Digital Medicine"", ""year"": 2025}"
paper-dt-hydration,watch-local-dt-hydration,local-v1.2.0,2026-09-28,"{""added_on"": ""2026-09-28"", ""arxiv_id"": ""unknown"", ""authors"": ""unknown"", ""category"": ""digital_twins"", ""code"": ""unknown"", ""curation_level"": ""metadata_checked"", ""dataset"": ""unknown"", ""doi"": ""10.1016/j.crbeha.2026.100221"", ""field_sources"": {""doi"": [""dt-src-hydration""], ""last_verified"": [""dt-src-hydration""], ""open_access"": [""dt-src-hydration""], ""publication_status"": [""dt-src-hydration""], ""review_or_method"": [""dt-src-hydration""], ""sensor"": [""dt-src-hydration""], ""title"": [""dt-src-hydration""], ""url"": [""dt-src-hydration""], ""venue"": [""dt-src-hydration""], ""year"": [""dt-src-hydration""]}, ""foundation_model"": ""unknown"", ""id"": ""paper-dt-hydration"", ""last_verified"": ""2026-09-28"", ""local_kind"": ""papers"", ""notes"": ""Input edits in an observational predictor do not establish beverage treatment effects; cumulative physiology is not modeled."", ""open_access"": true, ""publication_status"": ""peer_reviewed"", ""related_ids"": [], ""review_or_method"": ""method_or_empirical_study"", ""scope_tier"": ""core"", ""sensor"": [""heart_rate"", ""eda""], ""source_ids"": [""dt-src-hydration""], ""subcategory"": ""hydration"", ""task"": [""digital_twin_modeling""], ""title"": ""Multi-modal human digital twin for hydration"", ""url"": ""https://www.sciencedirect.com/science/article/pii/S2666518226000185"", ""venue"": ""Current Research in Behavioral Sciences"", ""year"": 2026}"
paper-dt-lung,method-dt-lung,local-v1.2.0,2026-09-28,"{""added_on"": ""2026-09-28"", ""arxiv_id"": ""unknown"", ""authors"": [""Partha Acharya"", ""Nikhileswara Rao Sulake"", ""Soutrik Chakraborty"", ""Subhamoy Mandal"", ""Suman Chakraborty""], ""category"": ""digital_twins"", ""code"": ""unknown"", ""curation_level"": ""metadata_checked"", ""dataset"": ""unknown"", ""doi"": ""unknown"", ""field_sources"": {""authors"": [""dt-src-lung""], ""last_verified"": [""dt-src-lung""], ""open_access"": [""dt-src-lung""], ""publication_status"": [""dt-src-lung""], ""review_or_method"": [""dt-src-lung""], ""sensor"": [""dt-src-lung""], ""title"": [""dt-src-lung""], ""url"": [""dt-src-lung""], ""venue"": [""dt-src-lung""], ""year"": [""dt-src-lung""]}, ""foundation_model"": ""unknown"", ""id"": ""paper-dt-lung"", ""last_verified"": ""2026-09-28"", ""local_kind"": ""papers"", ""notes"": ""Wearable-oriented title does not establish a wrist-worn prospective deployment or validated personalized lung mechanics."", ""open_access"": true, ""publication_status"": ""peer_reviewed"", ""related_ids"": [], ""review_or_method"": ""method_or_empirical_study"", ""scope_tier"": ""adjacent"", ""sensor"": [""ecg""], ""source_ids"": [""dt-src-lung""], ""subcategory"": ""respiratory"", ""task"": [""digital_twin_modeling""], ""title"": ""Digital Twin of the Lung from Wearable Biosignals for Real-Time Respiratory Monitoring"", ""url"": ""https://papers.miccai.org/miccai-2026/0280-Paper5574.html"", ""venue"": ""MICCAI"", ""year"": 2026}"
tool-ggir,infra-ggir,local-v1.2.0,2026-09-28,"{""added_on"": ""2026-09-28"", ""curation_level"": ""metadata_checked"", ""field_sources"": {""language"": [""s-tool-ggir""], ""last_verified"": [""s-tool-ggir""], ""name"": [""s-tool-ggir""], ""purpose"": [""s-tool-ggir""], ""repo"": [""s-tool-ggir""], ""sensor_support"": [""s-tool-ggir""]}, ""id"": ""tool-ggir"", ""language"": [""R""], ""last_commit"": ""unknown"", ""last_verified"": ""2026-09-28"", ""license"": ""unknown"", ""local_kind"": ""tools"", ""maintenance_status"": ""unknown"", ""name"": ""GGIR"", ""notes"": ""Catalogue metadata only; this package and its upstream dependencies were not installed or benchmarked in this release."", ""purpose"": ""Raw accelerometer processing, physical activity and sleep metrics."", ""related_ids"": [], ""repo"": ""https://github.com/wadpac/GGIR"", ""scope_tier"": ""core"", ""sensor_support"": [""accelerometer""], ""source_ids"": [""s-tool-ggir""], ""stars"": ""unknown""}"
tool-actipy,infra-actipy,local-v1.2.0,2026-09-28,"{""added_on"": ""2026-09-28"", ""curation_level"": ""metadata_checked"", ""field_sources"": {""language"": [""s-tool-actipy""], ""last_verified"": [""s-tool-actipy""], ""name"": [""s-tool-actipy""], ""purpose"": [""s-tool-actipy""], ""repo"": [""s-tool-actipy""], ""sensor_support"": [""s-tool-actipy""]}, ""id"": ""tool-actipy"", ""language"": [""Python""], ""last_commit"": ""unknown"", ""last_verified"": ""2026-09-28"", ""license"": ""unknown"", ""local_kind"": ""tools"", ""maintenance_status"": ""unknown"", ""name"": ""actipy"", ""notes"": ""Catalogue metadata only; this package and its upstream dependencies were not installed or benchmarked in this release."", ""purpose"": ""Reading and preprocessing wrist accelerometry."", ""related_ids"": [], ""repo"": ""https://github.com/OxWearables/actipy"", ""scope_tier"": ""core"", ""sensor_support"": [""accelerometer""], ""source_ids"": [""s-tool-actipy""], ""stars"": ""unknown""}"
tool-biobank-acc,infra-biobank-accelerometer-analysis,local-v1.2.0,2026-09-28,"{""added_on"": ""2026-09-28"", ""curation_level"": ""metadata_checked"", ""field_sources"": {""language"": [""s-tool-biobank-acc""], ""last_verified"": [""s-tool-biobank-acc""], ""name"": [""s-tool-biobank-acc""], ""purpose"": [""s-tool-biobank-acc""], ""repo"": [""s-tool-biobank-acc""], ""sensor_support"": [""s-tool-biobank-acc""]}, ""id"": ""tool-biobank-acc"", ""language"": [""Python""], ""last_commit"": ""unknown"", ""last_verified"": ""2026-09-28"", ""license"": ""unknown"", ""local_kind"": ""tools"", ""maintenance_status"": ""unknown"", ""name"": ""biobankAccelerometerAnalysis"", ""notes"": ""Catalogue metadata only; this package and its upstream dependencies were not installed or benchmarked in this release."", ""purpose"": ""UK Biobank accelerometer processing and summaries."", ""related_ids"": [], ""repo"": ""https://github.com/OxWearables/biobankAccelerometerAnalysis"", ""scope_tier"": ""core"", ""sensor_support"": [""accelerometer""], ""source_ids"": [""s-tool-biobank-acc""], ""stars"": ""unknown""}"
tool-neurokit,infra-neurokit2,local-v1.2.0,2026-09-28,"{""added_on"": ""2026-09-28"", ""curation_level"": ""metadata_checked"", ""field_sources"": {""language"": [""s-tool-neurokit""], ""last_verified"": [""s-tool-neurokit""], ""name"": [""s-tool-neurokit""], ""purpose"": [""s-tool-neurokit""], ""repo"": [""s-tool-neurokit""], ""sensor_support"": [""s-tool-neurokit""]}, ""id"": ""tool-neurokit"", ""language"": [""Python""], ""last_commit"": ""unknown"", ""last_verified"": ""2026-09-28"", ""license"": ""unknown"", ""local_kind"": ""tools"", ""maintenance_status"": ""unknown"", ""name"": ""NeuroKit2"", ""notes"": ""Catalogue metadata only; this package and its upstream dependencies were not installed or benchmarked in this release."", ""purpose"": ""Physiological signal cleaning, events and features."", ""related_ids"": [], ""repo"": ""https://github.com/neuropsychology/NeuroKit"", ""scope_tier"": ""core"", ""sensor_support"": [""ecg"", ""ppg"", ""eda"", ""emg"", ""respiration""], ""source_ids"": [""s-tool-neurokit""], ""stars"": ""unknown""}"
tool-biosppy,infra-biosppy,local-v1.2.0,2026-09-28,"{""added_on"": ""2026-09-28"", ""curation_level"": ""metadata_checked"", ""field_sources"": {""language"": [""s-tool-biosppy""], ""last_verified"": [""s-tool-biosppy""], ""name"": [""s-tool-biosppy""], ""purpose"": [""s-tool-biosppy""], ""repo"": [""s-tool-biosppy""], ""sensor_support"": [""s-tool-biosppy""]}, ""id"": ""tool-biosppy"", ""language"": [""Python""], ""last_commit"": ""unknown"", ""last_verified"": ""2026-09-28"", ""license"": ""unknown"", ""local_kind"": ""tools"", ""maintenance_status"": ""unknown"", ""name"": ""BioSPPy"", ""notes"": ""Catalogue metadata only; this package and its upstream dependencies were not installed or benchmarked in this release."", ""purpose"": ""Biosignal processing routines."", ""related_ids"": [], ""repo"": ""https://github.com/PIA-Group/BioSPPy"", ""scope_tier"": ""adjacent"", ""sensor_support"": [""ecg"", ""ppg"", ""eda"", ""eeg"", ""emg"", ""respiration""], ""source_ids"": [""s-tool-biosppy""], ""stars"": ""unknown""}"
tool-heartpy,infra-heartpy,local-v1.2.0,2026-09-28,"{""added_on"": ""2026-09-28"", ""curation_level"": ""metadata_checked"", ""field_sources"": {""language"": [""s-tool-heartpy""], ""last_verified"": [""s-tool-heartpy""], ""name"": [""s-tool-heartpy""], ""purpose"": [""s-tool-heartpy""], ""repo"": [""s-tool-heartpy""], ""sensor_support"": [""s-tool-heartpy""]}, ""id"": ""tool-heartpy"", ""language"": [""Python""], ""last_commit"": ""unknown"", ""last_verified"": ""2026-09-28"", ""license"": ""unknown"", ""local_kind"": ""tools"", ""maintenance_status"": ""unknown"", ""name"": ""HeartPy"", ""notes"": ""Catalogue metadata only; this package and its upstream dependencies were not installed or benchmarked in this release."", ""purpose"": ""Pulse/ECG peak detection and heart-rate variability."", ""related_ids"": [], ""repo"": ""https://github.com/paulvangentcom/heartrate_analysis_python"", ""scope_tier"": ""core"", ""sensor_support"": [""ppg"", ""ecg""], ""source_ids"": [""s-tool-heartpy""], ""stars"": ""unknown""}"
tool-mne,infra-mne-python,local-v1.2.0,2026-09-28,"{""added_on"": ""2026-09-28"", ""curation_level"": ""metadata_checked"", ""field_sources"": {""language"": [""s-tool-mne""], ""last_verified"": [""s-tool-mne""], ""name"": [""s-tool-mne""], ""purpose"": [""s-tool-mne""], ""repo"": [""s-tool-mne""], ""sensor_support"": [""s-tool-mne""]}, ""id"": ""tool-mne"", ""language"": [""Python""], ""last_commit"": ""unknown"", ""last_verified"": ""2026-09-28"", ""license"": ""unknown"", ""local_kind"": ""tools"", ""maintenance_status"": ""unknown"", ""name"": ""MNE-Python"", ""notes"": ""Catalogue metadata only; this package and its upstream dependencies were not installed or benchmarked in this release."", ""purpose"": ""EEG processing; adjacent transfer support for wearable EEG."", ""related_ids"": [], ""repo"": ""https://github.com/mne-tools/mne-python"", ""scope_tier"": ""adjacent"", ""sensor_support"": [""eeg""], ""source_ids"": [""s-tool-mne""], ""stars"": ""unknown""}"
tool-wfdb,infra-wfdb-python,local-v1.2.0,2026-09-28,"{""added_on"": ""2026-09-28"", ""curation_level"": ""metadata_checked"", ""field_sources"": {""language"": [""s-tool-wfdb""], ""last_verified"": [""s-tool-wfdb""], ""name"": [""s-tool-wfdb""], ""purpose"": [""s-tool-wfdb""], ""repo"": [""s-tool-wfdb""], ""sensor_support"": [""s-tool-wfdb""]}, ""id"": ""tool-wfdb"", ""language"": [""Python""], ""last_commit"": ""unknown"", ""last_verified"": ""2026-09-28"", ""license"": ""unknown"", ""local_kind"": ""tools"", ""maintenance_status"": ""unknown"", ""name"": ""WFDB-Python"", ""notes"": ""Catalogue metadata only; this package and its upstream dependencies were not installed or benchmarked in this release."", ""purpose"": ""PhysioNet waveform and annotation I/O."", ""related_ids"": [], ""repo"": ""https://github.com/MIT-LCP/wfdb-python"", ""scope_tier"": ""adjacent"", ""sensor_support"": [""ecg"", ""ppg""], ""source_ids"": [""s-tool-wfdb""], ""stars"": ""unknown""}"
tool-yasa,infra-yasa,local-v1.2.0,2026-09-28,"{""added_on"": ""2026-09-28"", ""curation_level"": ""metadata_checked"", ""field_sources"": {""language"": [""s-tool-yasa""], ""last_verified"": [""s-tool-yasa""], ""name"": [""s-tool-yasa""], ""purpose"": [""s-tool-yasa""], ""repo"": [""s-tool-yasa""], ""sensor_support"": [""s-tool-yasa""]}, ""id"": ""tool-yasa"", ""language"": [""Python""], ""last_commit"": ""unknown"", ""last_verified"": ""2026-09-28"", ""license"": ""unknown"", ""local_kind"": ""tools"", ""maintenance_status"": ""unknown"", ""name"": ""YASA"", ""notes"": ""Catalogue metadata only; this package and its upstream dependencies were not installed or benchmarked in this release."", ""purpose"": ""Polysomnographic sleep staging and event analysis."", ""related_ids"": [], ""repo"": ""https://github.com/raphaelvallat/yasa"", ""scope_tier"": ""adjacent"", ""sensor_support"": [""eeg"", ""eog"", ""emg""], ""source_ids"": [""s-tool-yasa""], ""stars"": ""unknown""}"
tool-pyactigraphy,infra-pyactigraphy,local-v1.2.0,2026-09-28,"{""added_on"": ""2026-09-28"", ""curation_level"": ""metadata_checked"", ""field_sources"": {""language"": [""s-tool-pyactigraphy""], ""last_verified"": [""s-tool-pyactigraphy""], ""name"": [""s-tool-pyactigraphy""], ""purpose"": [""s-tool-pyactigraphy""], ""repo"": [""s-tool-pyactigraphy""], ""sensor_support"": [""s-tool-pyactigraphy""]}, ""id"": ""tool-pyactigraphy"", ""language"": [""Python""], ""last_commit"": ""unknown"", ""last_verified"": ""2026-09-28"", ""license"": ""unknown"", ""local_kind"": ""tools"", ""maintenance_status"": ""unknown"", ""name"": ""pyActigraphy"", ""notes"": ""Catalogue metadata only; this package and its upstream dependencies were not installed or benchmarked in this release."", ""purpose"": ""Actigraphy visualization and rhythm analysis."", ""related_ids"": [], ""repo"": ""https://github.com/ghammad/pyActigraphy"", ""scope_tier"": ""core"", ""sensor_support"": [""accelerometer"", ""activity_counts"", ""light""], ""source_ids"": [""s-tool-pyactigraphy""], ""stars"": ""unknown""}"
tool-tsfresh,infra-tsfresh,local-v1.2.0,2026-09-28,"{""added_on"": ""2026-09-28"", ""curation_level"": ""metadata_checked"", ""field_sources"": {""language"": [""s-tool-tsfresh""], ""last_verified"": [""s-tool-tsfresh""], ""name"": [""s-tool-tsfresh""], ""purpose"": [""s-tool-tsfresh""], ""repo"": [""s-tool-tsfresh""], ""sensor_support"": [""s-tool-tsfresh""]}, ""id"": ""tool-tsfresh"", ""language"": [""Python""], ""last_commit"": ""unknown"", ""last_verified"": ""2026-09-28"", ""license"": ""unknown"", ""local_kind"": ""tools"", ""maintenance_status"": ""unknown"", ""name"": ""tsfresh"", ""notes"": ""Catalogue metadata only; this package and its upstream dependencies were not installed or benchmarked in this release."", ""purpose"": ""Generic feature extraction; included for explicitly documented inertial-sensing applications."", ""related_ids"": [], ""repo"": ""https://github.com/blue-yonder/tsfresh"", ""scope_tier"": ""adjacent"", ""sensor_support"": [""accelerometer""], ""source_ids"": [""s-tool-tsfresh""], ""stars"": ""unknown""}"
tool-pyedflib,infra-pyedflib,local-v1.2.0,2026-09-28,"{""added_on"": ""2026-09-28"", ""curation_level"": ""metadata_checked"", ""field_sources"": {""language"": [""s-tool-pyedflib""], ""last_verified"": [""s-tool-pyedflib""], ""name"": [""s-tool-pyedflib""], ""purpose"": [""s-tool-pyedflib""], ""repo"": [""s-tool-pyedflib""], ""sensor_support"": [""s-tool-pyedflib""]}, ""id"": ""tool-pyedflib"", ""language"": [""Python"", ""C""], ""last_commit"": ""unknown"", ""last_verified"": ""2026-09-28"", ""license"": ""unknown"", ""local_kind"": ""tools"", ""maintenance_status"": ""unknown"", ""name"": ""pyEDFlib"", ""notes"": ""Catalogue metadata only; this package and its upstream dependencies were not installed or benchmarked in this release."", ""purpose"": ""EDF/BDF waveform I/O."", ""related_ids"": [], ""repo"": ""https://github.com/holgern/pyedflib"", ""scope_tier"": ""adjacent"", ""sensor_support"": [""eeg"", ""ecg""], ""source_ids"": [""s-tool-pyedflib""], ""stars"": ""unknown""}"
